time,temperature_2m,siconc,Snow_albedo,snow_melt,surface_pressure,Total_column_ozone,     Extent
1979-01-01,255.527955934493,0.3935085477955973,0.8565347982325621,3.6749738052177973e-06,80884.35910415037,0.0063132547452818665,5.4022
1979-02-01,249.1519871139972,0.26876307484666884,0.8565400975654521,3.9739234770678814e-08,80559.10756908351,0.006018898308458624,3.1410714285714287
1979-03-01,242.58161856915058,0.3475820143570491,0.856534761277302,9.692198493528204e-09,80029.68586876974,0.006080458656038092,3.9993125
1979-04-01,239.4757436965543,0.613825592092193,0.8565400789098985,5.515169102434449e-09,80135.93928537243,0.005907041540017905,7.485533333333333
1979-05-01,235.63047584906118,0.814768169444902,0.856545468538373,4.656612999999884e-10,79953.8112821967,0.00599865320121226,10.826666666666664
1979-06-01,235.37787238803043,0.9035912546733951,0.856534778328105,4.656612999999884e-10,79923.69647768594,0.006075920332370532,14.187000000000001
1979-07-01,230.93808746986937,0.9333156124637724,0.8565400675509073,4.656612999999884e-10,79126.12717895511,0.00631346842655355,16.516875000000002
1979-08-01,232.53997597265015,0.9231183075923702,0.8565401003337251,4.656612999999884e-10,79817.36343211062,0.0063460300811382835,17.698266666666665
1979-09-01,235.83792245912454,0.929736884562133,0.8565347729045647,4.656612999999884e-10,79840.72864223777,0.005915472067130459,18.195533333333334
1979-10-01,239.57673720016007,0.9274178773912056,0.8565401076631115,4.656612999999884e-10,79800.06483716909,0.006581503849192371,17.820499999999996
1979-11-01,248.69725658638595,0.8672631548190245,0.8565347352457959,7.325944478308592e-07,80582.13377412413,0.0071944725075031015,15.337066666666665
1979-12-01,255.31364937343983,0.5558011488138278,0.8565401601297064,1.4961289830894058e-06,81287.57496952104,0.00713584148865558,9.235800000000001
1980-01-01,255.58857401400124,0.3378893623095406,0.8565401004626746,2.0306100453338195e-06,81091.75236607918,0.006520735382163855,4.562
1980-02-01,250.13697938355818,0.23539811767720487,0.8565401128435968,2.088690924992929e-07,81062.5407049568,0.00625802402351625,2.818357142857143
1980-03-01,244.07631860350233,0.30157366469290897,0.8565348083220361,2.063989221092515e-09,80686.96827779834,0.006315789023672418,3.2948749999999998
1980-04-01,240.29037576792715,0.4659810862034205,0.8565401333008333,4.656612999999884e-10,80844.65388185186,0.006167101201784747,5.405
1980-05-01,238.6910360736986,0.6527268120518095,0.8565401331055104,4.656612999999884e-10,80498.23567263925,0.006312644800951187,8.856666666666667
1980-06-01,235.90365692265155,0.7684580565390923,0.8565401252251739,4.656612999999884e-10,80024.91683662366,0.006553544916548719,12.490266666666665
1980-07-01,236.82850361411934,0.8272826980670522,0.8565454764783568,4.656612999999884e-10,80779.3616114894,0.006366003707924835,15.564437499999999
1980-08-01,235.81586754787475,0.8446042913152787,0.8565454625116913,4.656612999999884e-10,80376.42994459663,0.006313071056582042,17.805600000000002
1980-09-01,236.3827356464982,0.8767386976508607,0.8565348359560264,4.656612999999884e-10,80492.10283852358,0.005562966131252218,18.81726666666667
1980-10-01,240.03857500204464,0.8593242988309212,0.8565401191773687,4.656612999999884e-10,79622.53662015648,0.005392820167956608,18.567875
1980-11-01,249.74603003573822,0.8192590462743061,0.8565454450876409,4.656612999999884e-10,81016.83057692542,0.00654671492252096,16.133133333333333
1980-12-01,254.8293811617137,0.5964894196429087,0.8565400843868726,1.147504641636643e-06,80965.31481456514,0.007013417060637624,10.155866666666668
1981-01-01,255.42347867822312,0.3464146620128766,0.8565401634093847,4.966189366187343e-07,80936.35257496072,0.006340796154494553,4.411875
1981-02-01,250.10208167250562,0.24145939941823433,0.8565401231582164,3.3722281538597476e-08,80683.31696131702,0.005973999648259798,2.8734999999999995
1981-03-01,244.18742086837375,0.31160486589280306,0.8565400839081442,2.088419410536417e-09,80960.08981995896,0.005889469793753063,3.391533333333333
1981-04-01,238.410072692118,0.5332821903018983,0.8565401239095323,2.151754428679058e-08,80542.48905978425,0.006247294447210202,5.838466666666667
1981-05-01,237.7730416752223,0.7577280211947545,0.8565347457927966,1.086577054479303e-09,80418.9309270689,0.006270265606694385,9.354624999999999
1981-06-01,236.60950449598283,0.829825522901037,0.8565400829445455,4.656612999999884e-10,80121.90929718105,0.006328305689981215,13.108533333333334
1981-07-01,237.33592710985462,0.8738449853963296,0.8565347843096829,4.656612999999884e-10,80589.40560217173,0.0062861066564807964,16.038733333333333
1981-08-01,236.4140449457022,0.9003012527409006,0.8565401007207899,4.656612999999884e-10,80840.48717944548,0.006203304777723346,17.7365
1981-09-01,235.68841998465857,0.8780017192546684,0.8565348019786149,4.656612999999884e-10,80130.75923684322,0.005805083702923135,18.596466666666668
1981-10-01,239.82066081168287,0.883597388600549,0.8565401389821169,4.656612999999884e-10,79850.86036024672,0.0053618284711502125,18.293733333333332
1981-11-01,247.70718147491812,0.8542476703302853,0.8565347261618785,8.79236581242722e-09,79930.9956941503,0.006571494320269644,16.11133333333333
1981-12-01,255.20949310680317,0.6641376877980442,0.8565400968556568,1.2007140248170077e-07,80338.4039149374,0.006999935362397491,10.894812499999999
1982-01-01,255.69486738493308,0.42092686389362405,0.8565400988085083,2.3687547271533e-06,81172.14072477994,0.006207057076139698,5.260066666666666
1982-02-01,249.77817685866478,0.27518094124132314,0.8565401141116522,3.686722779776318e-08,80595.03092139654,0.005955077474833684,3.1284999999999994
1982-03-01,240.44735470941058,0.40633805058955047,0.8565401503729766,2.996793501030559e-08,79653.84434645453,0.006074796725624406,4.287812499999999
1982-04-01,237.50640141950396,0.6927665773171261,0.8565400635962295,4.656612999999884e-10,79685.43241739365,0.005977965507966764,7.722933333333333
1982-05-01,237.5706765766724,0.8266413091995701,0.8565401113764883,4.656612999999884e-10,80120.23771933603,0.006062568227420721,10.758333333333333
1982-06-01,235.89442851687696,0.8732273119247309,0.8565348202923581,4.656612999999884e-10,79917.33932991582,0.006159815345921965,13.416733333333333
1982-07-01,235.67926865050205,0.8829405881823561,0.8565400914872341,4.656612999999884e-10,80386.26945664966,0.006098110978024406,15.872187499999999
1982-08-01,233.98630361644715,0.8927209461393385,0.856540114986651,4.656612999999884e-10,79637.4408931617,0.005997900888814563,17.7892
1982-09-01,234.07007870942175,0.8965158966892631,0.8565400925190326,4.656612999999884e-10,79339.43791713865,0.005344079613540094,18.35346666666667
1982-10-01,241.14710944811216,0.8723235236659852,0.8565294003049632,4.656612999999884e-10,80069.50311222539,0.005628005881872851,17.788375
1982-11-01,250.56685663164865,0.8430107970477159,0.8565347509525914,4.656612999999884e-10,80795.94267581525,0.006009937100911996,15.536599999999998
1982-12-01,256.3646119687092,0.6436105850745177,0.8565401584382583,1.0142163085167674e-06,81693.1533742647,0.0067986444551384985,9.215666666666666
1983-01-01,255.55991654798007,0.40358101864229906,0.8565454613250688,9.199979631695231e-07,81417.05289819991,0.0063016121918564845,4.770499999999999
1983-02-01,248.9610110669942,0.26645273369123995,0.8565347803297118,1.1539161518732298e-08,81018.67345218884,0.006150616047809958,3.0702857142857143
1983-03-01,242.1976905891712,0.3815827627606948,0.8565348008514946,1.4451382840113799e-08,80402.61609341431,0.006198561665227159,4.015666666666666
1983-04-01,239.90749621864802,0.5829616187354812,0.8565347916942584,5.010597168222084e-09,80287.18479818468,0.005960033533912003,6.470400000000001
1983-05-01,239.7893941942133,0.723186311962222,0.8565400880660383,5.288966050608502e-10,80742.28460954966,0.005821299025770849,9.526
1983-06-01,235.4080965669792,0.8258801714231235,0.8565350848898639,4.656612999999884e-10,80405.92538376752,0.005958612022969153,12.642599999999998
1983-07-01,232.35204542725327,0.8786585687500414,0.8565261835465281,4.656612999999884e-10,79724.37817608702,0.0060656150573399,15.466666666666665
1983-08-01,234.6912794385418,0.8942991333503569,0.8565399658207866,3.0026371164658823e-09,79759.58124628152,0.0060034842943289864,17.250812500000002
1983-09-01,236.93095590052093,0.8818131799757283,0.8565250464558479,4.656612999999884e-10,80004.00705790031,0.005118211286811061,18.5852
1983-10-01,239.85050086095666,0.8777258694476974,0.8565256562364363,4.656612999999884e-10,79382.68159892467,0.004893752637591482,17.91533333333333
1983-11-01,246.6702382751259,0.8245534034341094,0.8565168911839879,1.297235001377386e-08,79788.90997715127,0.006702645997737324,16.0142
1983-12-01,254.06647115111764,0.6128115612512333,0.8564518413970366,2.0595051264397597e-06,80708.2853267806,0.006717112296451821,10.393874999999998
1984-01-01,255.83516731638232,0.35769974537241767,0.8561402489117221,5.363130381393898e-06,81489.84406987063,0.006227740054406932,4.778666666666667
1984-02-01,249.62113478969292,0.24474338369502827,0.8561139593953536,2.0024502814389086e-06,80902.18478738607,0.006003625040393311,2.6772666666666667
1984-03-01,244.19476766336413,0.34932236275871775,0.8563380963457152,3.66833766142562e-08,80265.04381245503,0.005997736755284064,3.6123333333333334
1984-04-01,239.16217207616788,0.5788228786436365,0.8564280951446188,5.60512555023276e-10,80199.14001149409,0.005878080169047439,6.421999999999999
1984-05-01,239.14473104241566,0.7749776831556615,0.8563876027007583,4.656612999999884e-10,80745.16834901292,0.00579411396641562,9.748437499999998
1984-06-01,234.39132045856033,0.8589958971558805,0.8563647958260466,4.656612999999884e-10,80233.72157645178,0.00607403097253987,13.230466666666667
1984-07-01,234.99371734859815,0.8808579818041458,0.8563022395698792,4.656612999999884e-10,79935.98482201637,0.006142582936605642,16.394866666666665
1984-08-01,233.8285045373649,0.8971562112720465,0.8563460889361403,3.4511083883957065e-09,80212.65836934016,0.0060512685638498135,17.9276875
1984-09-01,235.53614186455016,0.905006998677562,0.8563651971270744,1.359041654927495e-08,79918.40226264394,0.005062792665167949,18.171466666666667
1984-10-01,239.80086375483094,0.8950976005213511,0.8562448079331416,4.656612999999884e-10,79806.12932014756,0.004896211552796737,17.5726
1984-11-01,248.32596018909368,0.8432667542080546,0.8562296884076281,2.9393010263899508e-08,80285.27631502636,0.006158599522283357,16.134
1984-12-01,256.4362631875933,0.6455434910857776,0.8560446233222565,1.0537342180235175e-05,81659.86843636532,0.006412892417894989,10.472999999999997
1985-01-01,255.70307281007337,0.3459768647827188,0.8558921146543369,1.1358312708016669e-05,81437.33918049965,0.0060656431310457375,4.4554
1985-02-01,248.37770316335298,0.25626073823466966,0.8560180698448329,7.510895029848462e-07,80603.7161766647,0.005864256018997019,2.8364285714285713
1985-03-01,242.83382912171663,0.3691332872067649,0.8562548979357812,6.458017428243146e-09,80479.56157057337,0.005733687404815872,3.7171875000000005
1985-04-01,239.17762534380077,0.5786894008472298,0.8563430236902388,4.656612999999884e-10,80426.0970213259,0.005532988265305908,6.4932
1985-05-01,235.7919287769629,0.7809500151701052,0.8563422935874616,4.656612999999884e-10,80517.56856015112,0.005277819861672546,10.152800000000001
1985-06-01,237.01374219363913,0.8385899574086589,0.8563209814402022,4.656612999999884e-10,80584.79118965527,0.0054017124068063685,13.42853333333333
1985-07-01,233.1129381294757,0.8851789791714222,0.8563282539305089,4.656612999999884e-10,78969.44986834197,0.005461564111923298,15.720937500000002
1985-08-01,235.06218787727133,0.9138840507923568,0.8563641629972182,4.656612999999884e-10,79983.46494543506,0.00539398492662736,17.6322
1985-09-01,234.66800630248076,0.9113804117716063,0.8563547409697008,4.656612999999884e-10,79449.29316676878,0.004706126730102016,18.7032
1985-10-01,239.89415598268255,0.8946688394169489,0.856297693145276,1.0140288885513883e-07,79778.95572368483,0.004314073929511932,18.204437500000004
1985-11-01,248.15824026736246,0.8373287865858433,0.8561558098781046,7.221611940831351e-07,79664.11514987372,0.005504260723930942,16.1402
1985-12-01,253.9373779658735,0.6587839078730686,0.856195153425612,2.3423224933394897e-06,80339.12552509207,0.006424525678437498,11.352200000000002
1986-01-01,256.2725446883233,0.41456626555495574,0.8559556108204215,4.818606831764659e-06,81076.62936201826,0.005890445796083422,5.42225
1986-02-01,252.09193962916132,0.28591997782179535,0.8560693055894257,1.2229245568112086e-06,81498.89455347366,0.005610334399032086,3.1931428571428575
1986-03-01,243.4513177562248,0.35660930956548115,0.8562288817084049,3.6770872131395236e-08,80809.55138207883,0.0055023418241457265,3.6983999999999995
1986-04-01,239.500877155568,0.6205930634792537,0.8565185758069733,4.656612999999884e-10,80204.6673904544,0.005360264407623852,6.385533333333334
1986-05-01,236.40684317188192,0.8403957031012569,0.8565029091931593,4.656612999999884e-10,81012.15431844018,0.005397200810705324,9.295625
1986-06-01,234.4168085952379,0.8624522459894723,0.8564975787016371,4.656612999999884e-10,80546.5048549977,0.005624952068826404,12.687
1986-07-01,234.4515912013259,0.9210303948917122,0.856518603157235,4.656612999999884e-10,79842.06336196637,0.005678544977405012,15.316799999999999
1986-08-01,233.61505002674755,0.9294922934319093,0.8565259464895738,4.656612999999884e-10,79867.38690102285,0.005654847549728366,16.9988125
1986-09-01,232.62252070175845,0.9338820078726677,0.8565349873850447,4.656612999999884e-10,79207.57033224741,0.004957736614429622,17.683133333333334
1986-10-01,239.19032789420314,0.928709230332911,0.8565333446003941,4.656612999999884e-10,79563.9374445672,0.004731058455362798,17.183733333333333
1986-11-01,248.80655857911083,0.8796565399359704,0.8565115624469629,4.656612999999884e-10,80018.09980145672,0.006738691221852401,15.006599999999999
1986-12-01,255.017293686888,0.6681754755711028,0.8564390598886261,1.6888952108424857e-06,80562.30944895379,0.0066257709402027885,9.653937499999998
1987-01-01,256.51314671064955,0.40785060919350125,0.85639032351538,3.775551317620259e-06,81550.71766745055,0.006127957250364609,5.126000000000001
1987-02-01,249.49545154373146,0.28055593117763994,0.8563986063590925,8.538358776647511e-07,80810.6667508994,0.0059757131139116,3.2537142857142856
1987-03-01,241.8951812015306,0.40666555286345557,0.8565087714408917,2.15318850772284e-08,80341.69889171043,0.00597110195745027,4.11275
1987-04-01,237.17257788785207,0.6451162114690254,0.856496446218743,4.656612999999884e-10,80360.76103692921,0.005774448624755353,6.796933333333333
1987-05-01,236.00438336512795,0.8016571889527728,0.8565195578611355,4.656612999999884e-10,80370.55885940275,0.005613473642491116,9.694066666666664
1987-06-01,237.3612427880979,0.8536897422492492,0.856527668335045,4.656612999999884e-10,80610.84532342921,0.005563599630392398,12.684333333333335
1987-07-01,235.90126214895858,0.8824659412438335,0.8564794591880471,4.656612999999884e-10,80673.86421573813,0.005556385728192004,15.751562499999999
1987-08-01,231.72786936851327,0.8810880716994423,0.8565222253533147,4.656612999999884e-10,79306.1502554983,0.0056122624069048065,17.66142857142857
1987-09-01,235.0687316791621,0.9016668795982917,0.8565008416240837,4.656612999999884e-10,80260.70351093168,0.004251383157448336,18.24606666666666
1987-10-01,239.6957429079896,0.8928851314975256,0.8565041651551454,3.4568134384315975e-09,79766.39586924487,0.0035808599509052873,17.67409677419355
1987-11-01,247.37226976265646,0.8348642098923047,0.8564740551032428,1.0193636396461274e-07,79901.36134179763,0.00430541533492854,15.584099999999994
1987-12-01,254.928590405354,0.636913634293381,0.8563784609922769,4.818915670579018e-06,80820.44605283634,0.006488661043579181,13.379
1988-01-01,256.06983425786444,0.38834452788900725,0.8562936375038358,6.688563968607778e-06,81217.64318391909,0.005984996325484213,3.817157894736842
1988-02-01,248.90541600675294,0.272207894660615,0.8563750837664014,1.636934404699159e-06,80416.5518317442,0.005804152968480767,2.885689655172414
1988-03-01,243.78147582077978,0.3893607295725274,0.8564456506133379,1.5937608079596627e-08,80501.32695656786,0.005832531850545018,3.9661935483870963
1988-04-01,239.26838747193017,0.5951882360613152,0.856492519876782,4.656612999999884e-10,80191.32952765428,0.005680672299881042,6.2874
1988-05-01,237.1023713685156,0.789266373727863,0.8565139397796337,4.656612999999884e-10,80659.22716333918,0.005574624790747451,9.602290322580643
1988-06-01,237.14101773368262,0.8535296248814664,0.8565012238325959,4.656612999999884e-10,81134.539831456,0.005410441930192537,13.0928
1988-07-01,234.23439030118283,0.8778392437078704,0.8564909831247355,4.656612999999884e-10,79703.09985866364,0.005656821377119162,15.748677419354838
1988-08-01,236.41599312975757,0.8732827969894237,0.8564941656480599,4.656612999999884e-10,80220.22394506923,0.005588282643105905,17.561
1988-09-01,236.3713900082761,0.8720615274206104,0.8565127278348975,4.656612999999884e-10,80453.4447897219,0.005095260566712659,18.3072
1988-10-01,241.60667188649043,0.8709255699447448,0.8564990207425041,2.732393578689792e-09,81081.46796402724,0.00557755008122687,18.361032258064515
1988-11-01,248.33764016012466,0.8047320241986403,0.8564627228523358,3.362025808512517e-08,80233.86964154523,0.007340858965621153,16.147666666666666
1988-12-01,255.1190864994419,0.6074062456749627,0.856366853077951,3.8731429794612835e-06,80604.45146063075,0.006839302059385423,11.060612903225806
1989-01-01,255.06026253495892,0.37700999422450265,0.8562970486340244,7.167107400152582e-06,80945.87905984838,0.006127572689180597,4.736806451612903
1989-02-01,249.31340039628716,0.2741147628588134,0.8563506440898658,1.4587582223857976e-06,80394.5610955207,0.0058079340898425265,2.977607142857143
1989-03-01,243.12031356295074,0.36706279942497166,0.8564777000573846,2.8093517155594656e-07,80369.74747834525,0.005719773843182234,3.927290322580645
1989-04-01,238.60328588376075,0.5414424481983239,0.856444628856534,4.656612999999884e-10,80579.13480123586,0.0056335336488846375,6.306266666666667
1989-05-01,234.1818150782909,0.7753812231645097,0.8565198575224364,1.3472469451160848e-08,79150.61029104039,0.005793913871954398,10.29716129032258
1989-06-01,233.73109015016078,0.8772047283973701,0.8565145145031001,4.656612999999884e-10,79686.59107117861,0.0059063453504230945,13.580433333333335
1989-07-01,234.69158929612243,0.8899116978861844,0.8565218560895753,4.656612999999884e-10,79716.40426379132,0.005973347774934358,15.710580645161292
1989-08-01,234.22543289467552,0.9027887576576878,0.8565160532803643,4.656612999999884e-10,80470.24445814418,0.0057308585258330005,17.465645161290322
1989-09-01,236.40692098515322,0.9098301850382748,0.8565131946114729,1.606933123728829e-09,80161.1633584838,0.004343502371680554,18.12106666666667
1989-10-01,240.9064502655584,0.8796264678371766,0.8565117777894348,4.656612999999884e-10,79816.94406790516,0.003976116768965036,17.856096774193553
1989-11-01,248.97959435601044,0.8241068064983046,0.8564681677114389,4.800580205959138e-07,80277.47029750014,0.005668106220594134,15.733433333333332
1989-12-01,256.46633954610826,0.635618756462816,0.8563145857154525,6.967352311704673e-06,81250.48389238036,0.006451890739575782,9.837516129032258
1990-01-01,256.5475630134944,0.42637689042921567,0.8562788106633319,8.542047245957964e-06,81141.10192539405,0.006095233356347647,4.867387096774192
1990-02-01,249.55379372134118,0.31277871497797766,0.85637648279053,2.425731687253934e-06,80313.43162604827,0.005843299444769535,3.0361785714285716
1990-03-01,242.200028685537,0.40035234024592825,0.8564480012802146,2.0516501555405404e-07,80385.69825032074,0.005774829126298022,3.9659677419354837
1990-04-01,238.73649861565067,0.6586698627305834,0.8564922532197655,4.656612999999884e-10,81024.14655698338,0.005662494197511889,6.999866666666666
1990-05-01,236.84523013443007,0.7840982321631438,0.8564713655881844,4.656612999999884e-10,81183.32122919356,0.005446468960644466,9.715451612903227
1990-06-01,235.17448479347846,0.8790680256912614,0.8565066252718961,4.656612999999884e-10,80472.62942365727,0.005550959583949996,13.082899999999997
1990-07-01,236.16673409570188,0.8990155791098385,0.8564387392761647,4.656612999999884e-10,80827.50833186347,0.005565274193207793,15.57093548387097
1990-08-01,233.28045636818325,0.8954530106085336,0.8564440788284582,4.656612999999884e-10,79798.39469541074,0.005214201422854241,17.56745161290323
1990-09-01,234.86858975651182,0.9080641646043739,0.856433995058078,4.656612999999884e-10,79317.75583622826,0.004358312206694983,18.192999999999998
1990-10-01,240.83437046336786,0.8982821078384662,0.8564172204205648,4.656612999999884e-10,80028.18252832697,0.0038467060759248797,17.94532258064517
1990-11-01,250.17602670906405,0.8356598769476301,0.856417442093303,7.480041859916839e-09,80478.66719485889,0.004650918861960144,15.4683
1990-12-01,256.66193933279493,0.6761481204515831,0.8562020907811771,3.699052237478409e-06,81004.94927480114,0.005851578205885152,9.953516129032257
1991-01-01,255.29159164722384,0.43497583787938443,0.8560814017725404,4.652047679878626e-06,80571.1972822323,0.005915360444489594,5.33825806451613
1991-02-01,251.60138504797794,0.28446181163698303,0.8561259632915432,3.866563800580755e-07,81147.55855280964,0.0055827599350824165,3.161107142857144
1991-03-01,241.80751291080634,0.3710813657622158,0.8562502632589896,6.568036844808276e-10,80149.20080019499,0.005814331292333092,3.806838709677419
1991-04-01,238.85855901894433,0.6665216713165114,0.8563577875541303,4.656612999999884e-10,80524.51048674717,0.005636053608916254,7.053466666666666
1991-05-01,236.23909457077193,0.8311862746572168,0.8563877135708622,4.656612999999884e-10,80369.3669626328,0.005830691511400313,10.279451612903225
1991-06-01,237.35574569794048,0.8542065562308925,0.8563068254346875,4.656612999999884e-10,80732.6181283604,0.005940382127200293,13.065666666666667
1991-07-01,236.33136146650986,0.8890222523731093,0.8564006643623052,4.656612999999884e-10,80695.0210429835,0.006117711816106884,15.550419354838713
1991-08-01,234.98553592596545,0.907367571662304,0.8563666923280666,4.656612999999884e-10,79884.07713277127,0.005721506009201563,17.718967741935487
1991-09-01,237.1105002337611,0.8986723253386258,0.85636596110887,4.656612999999884e-10,80263.59391353528,0.004323717148156683,18.3126
1991-10-01,240.6495396017596,0.8811157952978322,0.8562649406078567,4.656612999999884e-10,79857.20535770967,0.004196964294134879,17.917290322580648
1991-11-01,248.75280530197676,0.8259974728197649,0.8562463565583581,2.0516067185873388e-07,80495.69929257393,0.006404655198310247,15.583533333333332
1991-12-01,256.4635401836281,0.6120095740075898,0.8558619405275193,1.396485226238002e-05,81771.46318610282,0.006454574348888842,10.192322580645161
1992-01-01,255.7486561915236,0.37334219601832863,0.855817318445419,9.949321090455349e-06,81027.42920855849,0.005977664259778428,4.748870967741935
1992-02-01,249.44214917797578,0.2483172339833481,0.8560184974424971,5.333093767282406e-07,81225.09684805738,0.0059066475621048,2.8373793103448284
1992-03-01,242.3706551744913,0.33450928133637314,0.8561875793093839,6.984093833139344e-08,80532.41265147008,0.005970648327815611,3.573290322580645
1992-04-01,238.9054547565753,0.5743805792323324,0.8562649944406782,4.656612999999884e-10,80351.61296436409,0.006011819930851772,6.794099999999999
1992-05-01,237.82207573799786,0.7403030553681681,0.8562355620301515,4.656612999999884e-10,80916.57499352544,0.005994069385929702,9.924774193548386
1992-06-01,237.37295759643237,0.8177029630325133,0.8561689401017816,3.185191266036825e-09,81116.09425734947,0.005928380933428159,12.8085
1992-07-01,235.2574230253583,0.8523432911383403,0.8561683587036806,4.656612999999884e-10,80026.33402315281,0.00585835385354014,15.894419354838712
1992-08-01,233.73791397589378,0.8831990794987168,0.8561874917569678,4.656612999999884e-10,79832.68569360173,0.005671148185426606,17.72703225806451
1992-09-01,234.61681816681497,0.9108976808281675,0.8563330686807982,4.656612999999884e-10,79526.50636977311,0.004063137507047366,18.147200000000005
1992-10-01,241.74813451723654,0.8953343673335528,0.8562377324412976,4.656612999999884e-10,80125.78288616268,0.004477767941286087,17.933967741935486
1992-11-01,249.09989904832236,0.8176963169728335,0.8563275793163987,5.77104171273177e-07,80032.9164258043,0.0048068963441918145,15.8955
1992-12-01,254.46876251873402,0.590481722574411,0.8561242384311676,1.2798266593756562e-05,80641.5226390261,0.006002625842619667,10.205741935483875
1993-01-01,256.0143830528846,0.35684017537768287,0.8558414902967363,1.2960183959501955e-05,81676.16187522914,0.005929941384607718,4.409387096774195
1993-02-01,249.51558259959737,0.21781464352461472,0.8560853114751007,2.047114964473379e-06,80372.11565077039,0.005886362297941445,2.482178571428571
1993-03-01,242.34430627662846,0.3704769453075071,0.856266843756907,9.075344930618905e-07,80417.32377434603,0.006198450277640378,3.6681935483870967
1993-04-01,237.7693664557928,0.6481285390164487,0.8563850861998913,5.993210670026645e-10,80163.79156135347,0.006052756182417873,6.651599999999999
1993-05-01,236.0123890812753,0.8326152326780415,0.8562987325617969,4.656612999999884e-10,79910.41300074231,0.006186039456875618,10.103774193548384
1993-06-01,235.77033983348025,0.8804117232011412,0.8562682744096034,4.656612999999884e-10,79937.29999691492,0.006471134870704663,13.147166666666667
1993-07-01,234.33859030455122,0.9046154307660341,0.8562275712446177,4.656612999999884e-10,79520.12593593271,0.006639459544280169,15.854870967741938
1993-08-01,232.90886159555058,0.9115231662968561,0.8562777119675727,4.656612999999884e-10,79463.02880752874,0.006122669677186528,17.49177419354838
1993-09-01,233.91648746805555,0.9222249274253739,0.8561578934438937,4.656612999999884e-10,79560.30941676823,0.0041578109917134965,18.543200000000006
1993-10-01,240.60258437806576,0.8962303389182623,0.8563091936014605,1.5321856303073284e-09,79602.76957833786,0.003657543561090605,18.12754838709678
1993-11-01,248.90084891748305,0.8392810904248318,0.8562313698494102,7.124042024728567e-07,80292.6762157927,0.004979249907612393,16.042066666666663
1993-12-01,254.5718560989481,0.6543034606793933,0.8560792921856268,4.470007632099572e-06,80502.70566179289,0.00631835380609919,9.933354838709677
1994-01-01,254.82765933058877,0.43075163512212306,0.855941900406678,5.1031967281413856e-06,80882.4915500781,0.005936242552505149,4.965709677419354
1994-02-01,248.01235601417469,0.3188299951287674,0.8561227109294863,3.022026133478082e-07,80364.86628458553,0.005522330253642276,3.1975357142857144
1994-03-01,240.98592104540805,0.46652961865854115,0.8562532025844641,4.6694672425249176e-08,79969.12050238973,0.005911851545597421,4.549354838709678
1994-04-01,238.4922121048207,0.6453803566401952,0.8562561971742964,2.8832327482694323e-08,80426.07067422206,0.005939221348679868,7.221566666666667
1994-05-01,234.74632079437876,0.7830033880454893,0.8562180918207949,4.656612999999884e-10,80333.44193690708,0.006375749879187733,10.408000000000001
1994-06-01,236.91944402389512,0.8775074937256706,0.8562686642560206,4.656612999999884e-10,81510.80480854907,0.006192112662142026,13.560133333333333
1994-07-01,234.22022682849814,0.9094870809110153,0.8562213442337273,4.656612999999884e-10,80417.66138394475,0.006058675241207886,16.29596774193548
1994-08-01,232.1016244263653,0.9296987938042315,0.8562598098361375,4.656612999999884e-10,79421.38284266186,0.005581113799730492,17.839580645161284
1994-09-01,235.34891789150987,0.9009260184205108,0.8563039358153478,4.656612999999884e-10,80206.32970047997,0.004121635308267623,18.61263333333334
1994-10-01,240.39092298216394,0.8996842556251645,0.8562343254599025,4.656612999999884e-10,80070.92497150492,0.004144863635927042,18.090064516129036
1994-11-01,249.26959656377807,0.8385555057895542,0.8561517114303607,7.538310411365473e-07,80773.80968730518,0.006065430456088978,15.88043333333333
1994-12-01,254.6353187859327,0.6511036030030424,0.8560131577747413,5.8830139283072036e-06,80429.77930130855,0.006744220726436728,10.100516129032258
1995-01-01,253.77228337609586,0.4154519445586846,0.8560080814614294,7.916331834079126e-06,80452.19186394814,0.006126183593614371,5.635999999999999
1995-02-01,249.8662170835982,0.29763064041032145,0.8560504291465616,1.5250696347035161e-06,80538.11941904662,0.005946937409794955,3.5607857142857138
1995-03-01,242.587426357539,0.42863611342077435,0.8562625318573439,8.822521549858795e-09,80616.78335672918,0.005806852207739119,4.626419354838709
1995-04-01,237.3607293394648,0.6652890252678235,0.8562476415468108,4.656612999999884e-10,80205.95202407545,0.006011912103660705,7.2676333333333325
1995-05-01,235.03870271207376,0.81855810974742,0.85623186995654,4.656612999999884e-10,79843.33933593381,0.006070022517877909,10.415483870967744
1995-06-01,236.4174068208432,0.884330825653433,0.8562544733392887,4.656612999999884e-10,80767.85833574139,0.006257119669313667,13.289866666666663
1995-07-01,236.60440714837793,0.9018521516085268,0.8561362971574897,4.656612999999884e-10,81475.16807901888,0.006157926435041344,15.743870967741936
1995-08-01,234.07360160066952,0.9064323652765772,0.8561889425327848,4.656612999999884e-10,80283.86956967786,0.005335138192669417,17.780193548387096
1995-09-01,233.2092081315746,0.9181380125396295,0.8563008407834051,4.656612999999884e-10,79545.74727056992,0.004097012308738091,18.37273333333333
1995-10-01,240.6481506850044,0.8879328682944745,0.8563443121854155,2.2919031674199234e-08,80129.97259111897,0.003537794454337522,18.02964516129032
1995-11-01,248.28874044716542,0.8499356064336719,0.8562088921342333,3.915850234057565e-07,80372.4234577254,0.004785542922578545,15.633933333333335
1995-12-01,255.5042053157437,0.6548313362963168,0.8560037958899381,7.380549919883672e-06,80395.91780097061,0.005903920553461717,10.621903225806454
1996-01-01,255.31356434152048,0.41312685252094183,0.855916702932774,7.2147223203417755e-06,80996.00075101385,0.0058410616822672,5.871129032258066
1996-02-01,250.79035780688918,0.24548260800468027,0.8561987635155232,1.4991170384357044e-06,80997.54933074098,0.0055475783303549535,2.984586206896551
1996-03-01,241.85509237923557,0.40241487064765963,0.8563297048125228,1.724846161024635e-08,80229.64919938927,0.005550465690482195,4.183483870967741
1996-04-01,239.50362124333446,0.6640492119498279,0.8562631789883383,5.130818208215849e-10,80348.9602585419,0.005014911084547686,7.279933333333333
1996-05-01,233.78817262023418,0.8399136931989839,0.8563042119120978,4.656612999999884e-10,80045.47184073698,0.005010757275457475,10.916741935483872
1996-06-01,235.01844217066773,0.8945726355345904,0.8563792092157536,4.656612999999884e-10,80300.78299956754,0.0050628869775292485,13.870366666666667
1996-07-01,235.46513291375933,0.906232624964494,0.856305730410782,4.656612999999884e-10,80087.23305207568,0.005165842006552717,16.11967741935484
1996-08-01,238.29973414355464,0.9100825497874384,0.8563366128077461,4.656612999999884e-10,80717.16068658397,0.004592472456708925,17.741387096774194
1996-09-01,235.91326739005385,0.921430295374837,0.8562645425935222,4.656612999999884e-10,80682.17091241715,0.0038031926838235862,18.631600000000002
1996-10-01,239.74997831570911,0.909828557790522,0.8563998964315408,2.686355045227416e-09,79469.80943996433,0.003727745732536236,17.96454838709678
1996-11-01,250.51111774930405,0.8247749315788256,0.8563007341289839,3.7394433750941645e-07,80754.98086859118,0.004648823409321669,15.717900000000004
1996-12-01,256.26213456950853,0.6499795321761842,0.8560312038156692,8.607092396707014e-06,80970.7042375231,0.006132310263587323,9.653161290322581
1997-01-01,255.3188024613514,0.3604767648145608,0.8558825355548502,9.585176852017406e-06,81000.18283154107,0.006049515033492379,4.197258064516128
1997-02-01,248.96131360803534,0.2332719022430171,0.8560149456881825,6.655794919238601e-07,80786.55221229776,0.005894865576219147,2.489535714285714
1997-03-01,242.37840045861506,0.3397889919990693,0.8562600187017149,1.5988579033360846e-07,79855.60262714262,0.005941122775749583,3.4573870967741933
1997-04-01,236.94688641850973,0.6228125081043461,0.8562620409014856,4.656612999999884e-10,80349.89031593678,0.005986345264333382,6.492333333333334
1997-05-01,235.20709340623188,0.8237650780229727,0.856288566996707,4.958373762591995e-10,79767.2500069939,0.005855899792121199,10.123967741935482
1997-06-01,236.71583153004497,0.872588023216215,0.8562395903899398,4.656612999999884e-10,80678.26768068045,0.005715153927847099,13.116033333333332
1997-07-01,231.53735361280508,0.9157782585916919,0.8562137895575533,4.656612999999884e-10,79661.18867453349,0.005528555759342323,15.920677419354842
1997-08-01,232.3266471032278,0.9176428684969449,0.8562836689400116,4.656612999999884e-10,79702.08185161103,0.005300280953549353,17.684354838709673
1997-09-01,234.344561108861,0.9028935500680689,0.856212914435771,4.656612999999884e-10,79952.57270880202,0.004035332791632187,18.59643333333333
1997-10-01,240.22140052564995,0.8703419657599794,0.8561145010083697,4.656612999999884e-10,80032.32771605588,0.003622652518239098,17.993387096774196
1997-11-01,251.0753871364841,0.7803792176683262,0.8560608496204284,1.2236257382898608e-06,81194.90612315139,0.005131854691962257,15.732766666666663
1997-12-01,256.1309666593188,0.5980867568535002,0.8558054789583359,1.3440173736318377e-05,81224.98648100176,0.005941909053983592,10.28538709677419
1998-01-01,255.6529238628337,0.3428714650183117,0.8558928669340902,9.72664322487594e-06,80744.8505853943,0.005756284825542676,4.46490322580645
1998-02-01,250.74191069500307,0.23298863311394605,0.8560224350051149,3.987205820645326e-06,80534.98855043916,0.005825957990925895,2.989571428571429
1998-03-01,241.71478563325806,0.3815361029127434,0.8561970925520822,1.3223915921917842e-07,80164.21809266246,0.00593893907181395,4.107483870967742
1998-04-01,235.6668712061298,0.6208166589319227,0.8563867245700549,1.773660030750454e-07,79389.43614522093,0.005741712333040778,6.853833333333335
1998-05-01,237.8708306530768,0.7908558576482978,0.8562825695319093,7.398088183752301e-09,80165.55314367001,0.005515407624873734,10.328451612903226
1998-06-01,238.04286502777146,0.8128802481770557,0.8562415696024386,4.656612999999884e-10,80062.2496238383,0.005564877357849262,13.313233333333336
1998-07-01,233.98930027996124,0.8855577646843377,0.8562119216871695,4.656612999999884e-10,79765.284366742,0.005722101325995149,15.962677419354842
1998-08-01,234.12812290086634,0.8940225529107891,0.8562980543568989,4.656612999999884e-10,79605.45391014875,0.005133851986461001,17.88135483870968
1998-09-01,233.40217771090576,0.907934771906727,0.8563300998857708,4.656612999999884e-10,80041.10244571364,0.0037228852886175127,18.9035
1998-10-01,238.61221811102666,0.8842211903580145,0.856275104156458,4.656612999999884e-10,79903.6415432234,0.003345674009731501,18.66045161290323
1998-11-01,248.6470480558371,0.8388244407315987,0.8562570598974688,2.610545582510337e-07,79900.94036045628,0.004285176616947193,16.300400000000003
1998-12-01,255.38971284327457,0.649261376341506,0.8560496786862802,7.738958759163867e-06,80421.59566600063,0.005550287504327806,10.519483870967742
1999-01-01,256.37719147097965,0.4038411748588134,0.8559182045997025,8.680548204974642e-06,80876.88320962341,0.005743134779920983,4.815870967741935
1999-02-01,249.47041749117312,0.2640642625361267,0.8560910747030219,5.334580359383869e-07,80697.44612385007,0.00568037859233804,2.966
1999-03-01,241.69566834041643,0.39758471396421174,0.85626206193577,8.573256281709755e-08,80412.63783153858,0.005775178972259946,3.9777741935483864
1999-04-01,236.28467511996269,0.6553138319863331,0.8563510506473317,6.308803264332398e-08,79704.29939219715,0.005889532471488615,6.891800000000001
1999-05-01,235.42915991629678,0.8343110659246331,0.8564281424658604,4.656612999999884e-10,79808.55867571884,0.005890752240881906,10.26532258064516
1999-06-01,236.41764848569466,0.8837428065276993,0.8563613540258301,4.656612999999884e-10,81292.10948158454,0.005690097548960803,13.648833333333332
1999-07-01,234.31716432545946,0.9005275483882808,0.8562995529468919,4.656612999999884e-10,80017.45835930678,0.005766401792495439,16.281612903225803
1999-08-01,234.46044320462198,0.9238231820518938,0.8563425257667008,4.656612999999884e-10,79928.45898126367,0.005236086315361565,17.95790322580645
1999-09-01,235.98270155774117,0.8968338547508738,0.8562759948025224,4.656612999999884e-10,80224.89496398646,0.0036318309185344112,18.696366666666666
1999-10-01,241.09425349561184,0.8871946744268248,0.8563547260726635,4.825217707532402e-09,79182.14236987307,0.003427919270726411,18.352161290322584
1999-11-01,249.01458246964955,0.8207275345431416,0.8563156930630387,2.5061811785790086e-07,79945.63339991872,0.004296044395335019,15.964599999999999
1999-12-01,253.99064388386552,0.6539966505513211,0.8561210255906703,4.340906805468395e-06,79950.9173092638,0.005727098068293476,10.722032258064518
2000-01-01,254.24853032413185,0.40109961630119156,0.855922379626787,5.306349362792047e-06,80287.66596017766,0.0058348902215673406,4.748870967741935
2000-02-01,248.80508137250783,0.27308361011614524,0.8560568430189581,2.0853353983922174e-06,80409.36456904559,0.0057488440959874544,2.906517241379311
2000-03-01,241.51494603873283,0.4221427974222767,0.8562445156705758,2.3103485138968216e-07,80507.04982336819,0.005697904857228334,4.085870967741935
2000-04-01,236.92617219263047,0.6926457306592866,0.8563259381021557,4.656612999999884e-10,80279.13541112519,0.005585963181960739,7.132300000000001
2000-05-01,235.95382422682425,0.8630985105768564,0.8563382009238653,1.2568405916043948e-08,80137.79596031412,0.005304568531382827,10.920580645161289
2000-06-01,236.21933276825914,0.9036022293014165,0.8563781284962254,4.656612999999884e-10,80548.43539502371,0.005012480773212572,13.892699999999998
2000-07-01,234.49397379610681,0.8852535415590539,0.8562776571681195,4.656612999999884e-10,80325.64193655064,0.005078652629410937,16.097741935483867
2000-08-01,234.504347637001,0.9070708247052977,0.8562433188585886,4.656612999999884e-10,80231.6190788247,0.004662561300102345,18.20612903225807
2000-09-01,235.81544656514237,0.9093542309005616,0.856241636018594,4.656612999999884e-10,80628.2832645456,0.003321731049689134,18.887833333333333
2000-10-01,239.74790721240944,0.8959449218876137,0.8562178119204951,4.656612999999884e-10,79739.32364389724,0.004392079096976226,18.130516129032255
2000-11-01,251.0204199336189,0.8238612420111753,0.8561526197190396,4.651866612481117e-07,80881.27946635036,0.006302401204464412,15.757633333333334
2000-12-01,254.85547125667105,0.6542608198561085,0.85598959937115,5.507264576362222e-06,81516.50752759556,0.0063693046768104255,9.909709677419356
2001-01-01,255.04875517211778,0.4236130977694097,0.8558736039127448,8.881789724391931e-06,81112.85544681974,0.00585568707313338,5.233096774193547
2001-02-01,249.96741443500744,0.3225380482857232,0.8560521984701303,9.257350430124853e-07,81066.53957379192,0.005456300343164107,3.650357142857142
2001-03-01,241.14770260518634,0.4692639500309069,0.8561480234513854,4.7558525213533605e-08,80441.21750073823,0.005691920348334931,4.731451612903226
2001-04-01,237.6848607807129,0.6434936651982678,0.8562086497639887,4.656612999999884e-10,80038.98360438982,0.0056676917991586315,7.044266666666669
2001-05-01,237.22714696058713,0.797958905241795,0.856295192971234,2.0910918318893404e-08,80566.72964902247,0.005483617630173241,10.329903225806454
2001-06-01,236.9772976997014,0.8790210334990491,0.856275895589143,4.656612999999884e-10,80396.21720790042,0.005413359842996867,13.41806666666667
2001-07-01,235.21923194866423,0.9013376666249469,0.8561660924584313,4.656612999999884e-10,80589.55675774354,0.005357572690204102,15.851870967741933
2001-08-01,231.71958202257073,0.918699260401323,0.8563044440653773,4.656612999999884e-10,79636.41537860916,0.004828367305096109,17.42274193548387
2001-09-01,235.78647769657093,0.9142244403446739,0.8563361131309452,4.547805435886493e-09,79848.80074548065,0.003416989147741006,18.174966666666663
2001-10-01,240.01550933443067,0.87843443128917,0.8563409108943999,4.656612999999884e-10,79498.15767084062,0.0036367159023184665,17.725999999999996
2001-11-01,250.06850715851542,0.84619575296868,0.8562687587259118,7.469355809813837e-08,80154.09182054432,0.004378473096576323,15.6103
2001-12-01,256.18233100930445,0.6423439822262242,0.8562125613281684,3.3123076706903125e-06,80386.20166494025,0.005537910941099064,10.34590322580645
2002-01-01,256.7085855260192,0.4042904180292161,0.8558913668854784,9.61292152246982e-06,80843.88462833456,0.005849075089341553,4.739612903225805
2002-02-01,249.075376336203,0.28009145321317136,0.8561672004306652,9.363525515719363e-07,80159.68631619144,0.0057234659864294065,2.9603928571428577
2002-03-01,244.18977669620082,0.3970920512699275,0.8562845095151338,2.4765045008490637e-09,81018.2618783961,0.005583745247615513,3.7482580645161288
2002-04-01,240.0117256160315,0.6322737361737502,0.8563657213446604,4.656612999999884e-10,80267.52503937016,0.005470906264789329,6.327833333333333
2002-05-01,239.37755990943194,0.783179720941991,0.8562855595425712,4.656612999999884e-10,81267.68898034778,0.005283203340870737,9.511548387096774
2002-06-01,235.97582099699562,0.8680979402724235,0.8562266324767785,4.656612999999884e-10,80683.51559868341,0.005277338429288274,12.375766666666665
2002-07-01,235.09253952104316,0.9303270878637189,0.8562387197737827,4.656612999999884e-10,80598.05509776279,0.005386809760509174,15.414709677419358
2002-08-01,234.902659760962,0.9277625159833733,0.8562428339349762,4.656612999999884e-10,79845.70593592977,0.005307915738141903,17.06667741935484
2002-09-01,236.89228113399622,0.8841285023230018,0.856150576141408,5.705814595936205e-10,80492.14814826613,0.0054695473217634795,17.88736666666667
2002-10-01,241.64774324143008,0.8809934578566897,0.8561519418981982,9.074162438211358e-09,80966.29220886542,0.005612981458612665,17.865774193548386
2002-11-01,248.39179408573426,0.8453688252240539,0.8561570501664005,1.7523007807976248e-07,80520.49865400625,0.007148793551149932,15.40583333333333
2002-12-01,254.42695465943248,0.6709200639427766,0.8559568901661789,1.0732478781149206e-05,80408.39447889246,0.006461001614595486,10.78541935483871
2003-01-01,255.89938152704258,0.44951333408412597,0.8558931263108456,1.1250631954272536e-05,81502.6619796425,0.005881326465410975,5.772709677419356
2003-02-01,250.53134722721023,0.35401793083477423,0.8561012877102606,8.528878645485011e-07,81072.5905254492,0.005571495974109685,3.788571428571428
2003-03-01,242.45973476031705,0.4516642803910436,0.8562463949266359,3.3439877399305796e-07,80563.46994092887,0.005698342666837995,4.444354838709678
2003-04-01,237.80758852457691,0.638974710764727,0.8562674438004025,1.2985169227521122e-08,80001.15601758259,0.005574297443979894,7.208266666666666
2003-05-01,236.36844650907952,0.7907154426978591,0.8563215273508406,4.656612999999884e-10,80195.21925268018,0.005404970925270007,10.735806451612904
2003-06-01,234.45555283275968,0.8719613221698075,0.8562959873424224,4.656612999999884e-10,80958.71917569444,0.0058149441721153,13.985366666666666
2003-07-01,233.20860941257556,0.9123526019929432,0.8563067695273734,4.656612999999884e-10,80003.57742300036,0.005860938360681544,16.401967741935486
2003-08-01,234.62388189305744,0.9218098974344934,0.8563316584462244,4.656612999999884e-10,79701.41676596027,0.00542037943403186,17.582483870967742
2003-09-01,235.77350521446394,0.9139215323868418,0.8563387647164852,4.987103158696215e-10,80087.44474107794,0.00390948960275082,18.298299999999998
2003-10-01,240.63616545606033,0.9026450399010936,0.8563156885413976,4.656612999999884e-10,79966.06647215012,0.004015690824234916,18.197999999999997
2003-11-01,248.55087395198268,0.8459545826114854,0.8562532596693259,1.6605094467396767e-07,80405.46220445432,0.005363306226754823,16.109533333333335
2003-12-01,256.22661149924573,0.6677549094199322,0.856007278597323,6.177566442605473e-06,81658.38432099117,0.006139547371643692,10.56358064516129
2004-01-01,255.8308487470502,0.4297127779381448,0.8558732713089494,7.161575117972888e-06,80823.44842936353,0.005815649890358959,5.590516129032258
2004-02-01,250.5059698574084,0.3082645931144233,0.8560806687808112,1.0585335657217606e-06,81259.78339285305,0.0057068599407579645,3.5835517241379304
2004-03-01,241.85744485336528,0.4476069001296829,0.8562796803399471,1.9218533026277869e-07,80136.02645307391,0.0058245645207572905,4.526193548387097
2004-04-01,238.6930120089049,0.6369227271748265,0.8563468417001,8.48907671064018e-09,80268.27825842988,0.005678065409511472,7.279766666666666
2004-05-01,235.08557958641666,0.802873610980898,0.856351579433036,8.724069056916991e-10,80188.80454865951,0.0058331599922534045,10.470032258064515
2004-06-01,235.7241589633132,0.8652996206973882,0.8563438913985758,5.547700809384197e-10,79866.23624814274,0.006326433676987571,13.780000000000003
2004-07-01,230.80090152690315,0.9079627314564618,0.8563274900616582,1.2979457405839272e-08,79405.12867827446,0.006482728369262259,16.33251612903226
2004-08-01,232.70063553795148,0.9083333174803893,0.8563635668708617,4.656612999999884e-10,79830.19619014085,0.005909526296919078,18.01006451612903
2004-09-01,236.38621053486932,0.899716190521032,0.8564029117420592,4.656612999999884e-10,79974.02553104536,0.0043764069995556884,18.91923333333333
2004-10-01,240.90166022162995,0.8991578231227736,0.8563669057555051,4.517636197511205e-09,80045.43920602092,0.004730989503813796,18.45693548387097
2004-11-01,248.70213234469023,0.8313485319365462,0.8562799570090278,5.400369451042835e-07,80388.35278974332,0.005408024594637075,16.084833333333332
2004-12-01,256.20453996126395,0.6336709512768762,0.8559898452958589,9.260121653288955e-06,81378.58392643319,0.00632430391724777,10.228903225806448
2005-01-01,256.51973870699936,0.3759591000166511,0.8558872763832949,8.311456420536603e-06,81140.44637159213,0.005816462821801367,4.751838709677418
2005-02-01,249.60713670814454,0.2642876097925149,0.8562420916132585,1.3384139048072317e-06,80214.181032641,0.005724670303271954,2.9696071428571438
2005-03-01,242.68178593733353,0.3959723909568302,0.856346487870429,4.5240069713352354e-08,80446.81639288395,0.005698843201406202,4.081612903225806
2005-04-01,237.51477925132127,0.6493105438275124,0.8563220928364311,4.656612999999884e-10,80090.56706861447,0.005690155593420198,7.031966666666667
2005-05-01,235.99149801112844,0.8304598832358279,0.8562665749096832,4.656612999999884e-10,80454.95672761224,0.005817399876953558,10.288806451612901
2005-06-01,236.35228867267043,0.8909800136006203,0.8562859073416278,4.656612999999884e-10,80992.50661170691,0.00595086871212767,13.291500000000001
2005-07-01,234.41739456445683,0.8832575714352233,0.8562134703255138,4.656612999999884e-10,80177.41418836087,0.005772810773675805,16.15783870967742
2005-08-01,234.31787882025134,0.8979000727102542,0.8562950159869862,4.656612999999884e-10,79770.71954530054,0.005281548481797609,17.922483870967746
2005-09-01,236.94147377287186,0.8644222032522668,0.8562644377700563,4.656612999999884e-10,80060.10648197858,0.0038699023059987022,18.8048
2005-10-01,242.2198927742167,0.8527280807103182,0.8563090011949828,2.949500630454896e-08,79871.47678060608,0.004122191362644281,18.476806451612898
2005-11-01,248.8733581916084,0.7855006783574237,0.8562159255421327,4.475958733312752e-07,80461.85506371188,0.00592415242658068,16.31616666666666
2005-12-01,257.114112947308,0.5782800520243051,0.8560955978028019,5.605898432998337e-06,81814.94200454383,0.0059648838675209325,9.680258064516131
2006-01-01,255.95571787269938,0.3426620463098648,0.8559949032207135,8.790338857644385e-06,81007.86983337448,0.005909065288223407,4.163548387096774
2006-02-01,249.44567026664558,0.24429109125154602,0.8560244729877465,4.5845823235897e-06,80786.62513647662,0.00588022707099194,2.6513928571428567
2006-03-01,242.45919358514485,0.30478907347411077,0.8562369738674239,9.577134568093124e-09,80374.36466042035,0.006108042346793269,3.2146129032258064
2006-04-01,238.3925066176905,0.5830633960686321,0.8563926854090989,6.685224707014129e-09,80554.59579900275,0.005931068922379413,6.0104
2006-05-01,235.8893878003128,0.7925614887669065,0.8563604634019363,1.7080405171913388e-08,79654.55050259383,0.006150740554300301,9.45625806451613
2006-06-01,237.05753696316208,0.858380116546566,0.8562802421431662,1.2518173223363588e-07,80305.13955033057,0.006163718978882979,13.344766666666667
2006-07-01,232.81162819065966,0.8922623612659397,0.856345185270642,4.656612999999884e-10,79692.20703314223,0.006101647586547461,16.114129032258067
2006-08-01,236.26243807929453,0.8856219561806384,0.8561541305577829,4.656612999999884e-10,80952.44100557645,0.005158535768600344,18.097645161290323
2006-09-01,234.79328552946444,0.893890088580646,0.8562118952210037,4.656612999999884e-10,80237.96928038298,0.0036773644577593493,19.0941
2006-10-01,239.79288634730474,0.8672317779558907,0.8562527909298592,2.1724179850448426e-07,79575.0233550736,0.003495442056039293,18.732612903225807
2006-11-01,250.12075683870287,0.8044248804453219,0.8563194135017803,5.846191149286728e-07,80233.70631171332,0.004200371526958959,16.22983333333333
2006-12-01,254.57794474812377,0.6425188747318066,0.8560210455684901,5.446526271813527e-06,80662.93879223776,0.005972202878894447,9.854129032258067
2007-01-01,256.52491916042266,0.39063795431086723,0.8559325631685203,7.560395911802702e-06,81124.47857308204,0.005811189389240887,4.6725806451612915
2007-02-01,248.83833290167098,0.2769571449620026,0.8560313280569674,7.960005843530143e-07,80535.78308948464,0.005905179108450451,2.904607142857143
2007-03-01,241.88672359948643,0.38047354747550455,0.8562744849412663,6.1001151998898604e-09,80704.05800865577,0.005739323660953692,3.8348064516129035
2007-04-01,237.79484902841432,0.5879851815979918,0.8562672838191893,4.656612999999884e-10,80681.00484858171,0.005621963936695689,6.418266666666668
2007-05-01,239.0222369055526,0.737930697101751,0.8561815906728348,4.656612999999884e-10,80817.03203219277,0.005395151730481797,9.647806451612901
2007-06-01,238.27022340137376,0.81729180639836,0.8562771548033897,4.656612999999884e-10,80894.05206863942,0.005535519816947351,13.2873
2007-07-01,236.00595810685158,0.8637520495691553,0.856242523510229,4.656612999999884e-10,81390.35419476016,0.005493963771035486,15.95577419354839
2007-08-01,234.39820231234862,0.9068555111999322,0.8563028176838687,4.656612999999884e-10,80056.48008861327,0.005046541697052983,17.68190322580645
2007-09-01,234.99722377974678,0.9083121046469735,0.8562676246900127,4.656612999999884e-10,80119.75925523233,0.004103488003207216,18.860633333333336
2007-10-01,240.0440268049693,0.9001094637680593,0.8562575314297863,4.656612999999884e-10,80146.36978133314,0.004416742371692446,18.50774193548387
2007-11-01,249.61485253627663,0.8509342735924982,0.856127396862674,2.316459549055826e-07,80637.43105300498,0.004690335104746554,15.892133333333332
2007-12-01,254.9487580878944,0.6934670253267193,0.8560636214839449,4.091978860527313e-06,80287.80929499301,0.0056869092158140224,11.980516129032255
2008-01-01,254.65929136119254,0.4503118533402928,0.8559537699647184,6.059744694424788e-06,80595.56454987868,0.0061324366213961175,6.413709677419354
2008-02-01,248.47048669587863,0.30345480881726494,0.8561720671548613,6.144529510214026e-07,80285.78153261486,0.006036895601805072,3.8945172413793108
2008-03-01,242.66079479465992,0.4705361535997695,0.8561988228486483,1.385435260624471e-07,80537.7703042117,0.006044478869026014,5.284451612903224
2008-04-01,239.5496457233236,0.6815884202138562,0.8562502613050692,1.2432713995990902e-09,80608.65111908021,0.005658732320218103,8.242299999999998
2008-05-01,236.59404016198795,0.8191998390692348,0.856389072806971,4.656612999999884e-10,80464.79700197776,0.0057979842059587994,11.049354838709679
2008-06-01,234.37264756687622,0.8806858283414144,0.8562807556561032,4.656612999999884e-10,80085.36957098402,0.005979961792713051,14.061666666666666
2008-07-01,234.87808118426855,0.9157431600330223,0.8562658548653133,4.656612999999884e-10,80146.9975755655,0.005957055302247426,16.09483870967742
2008-08-01,232.8182165707648,0.9355418125702462,0.8563159098166186,4.656612999999884e-10,79801.13065265128,0.005432128915228149,17.644516129032258
2008-09-01,236.4514512289546,0.9237131999653042,0.856283963756981,2.3442710189598773e-09,79834.38395307653,0.003803371551305609,18.145033333333334
2008-10-01,239.8005011900385,0.9014285251482482,0.856259223902519,3.3360478835128143e-09,79615.52098482719,0.0037839054695827483,17.99390322580645
2008-11-01,248.66324208319585,0.8273378212317226,0.8562067422446162,3.3820209970290064e-07,80096.05530485803,0.004325516252270142,16.248133333333335
2008-12-01,255.41523560172126,0.6469556505545252,0.8562430071842794,2.6380633443536657e-06,80469.03931195299,0.005556571427759298,11.51174193548387
2009-01-01,256.2017875671754,0.4210502452366213,0.8559268183719562,6.272545264086917e-06,80612.01793257262,0.005990038974335971,5.70735483870968
2009-02-01,249.14488324853642,0.26950546345298215,0.8560834842074115,9.356987049748862e-07,80566.9025675935,0.005656621478993093,2.9905714285714287
2009-03-01,242.43131670700922,0.4320226041312847,0.8562588515300713,1.255769110273489e-07,80227.74833403763,0.005549614716431829,4.441064516129031
2009-04-01,237.14904770438505,0.7054120101650914,0.8562713959902387,4.656612999999884e-10,80529.4098395356,0.005408128830384615,7.798500000000002
2009-05-01,238.7087107945071,0.8443520500006517,0.8562942478603418,4.656612999999884e-10,80808.21565984291,0.0054013614383852816,10.925741935483869
2009-06-01,236.60336287526954,0.9036610731978126,0.8563392137085069,4.656612999999884e-10,80840.40230803173,0.005494738516793133,13.907466666666664
2009-07-01,236.72385555203635,0.9363772096777985,0.8562284710377883,4.656612999999884e-10,80607.62443888695,0.005415247747138068,16.261322580645164
2009-08-01,233.47015307462118,0.938399966209053,0.8562164360637711,4.656612999999884e-10,80494.03579607616,0.004973584883060545,18.0978064516129
2009-09-01,234.67534301740582,0.9451099305371318,0.8562625662617328,4.656612999999884e-10,80191.19175739857,0.0037382286781977732,18.960466666666665
2009-10-01,240.316804909789,0.9300499459505213,0.8563063711672789,4.656612999999884e-10,79784.84894320367,0.004273332316117152,18.298225806451615
2009-11-01,250.5679663935649,0.8508819718934535,0.8561985974254018,3.5130695522914804e-07,80877.6802584719,0.0050142049421687965,15.847833333333329
2009-12-01,255.59818064975678,0.6242878864285604,0.8560235946055148,5.734405695548651e-06,80676.94528414866,0.006273113227627593,10.738548387096772
2010-01-01,256.89452910866356,0.3618104927390822,0.8560510717542668,5.556428192864994e-06,81556.98996027574,0.006035856689655383,4.958096774193547
2010-02-01,250.68239900897328,0.2502020080500353,0.8561294198203482,1.423276849143949e-06,81082.6104653732,0.005731105505955047,3.1054999999999997
2010-03-01,243.08754538706717,0.33975598578193866,0.8563359051501718,3.087083696167195e-07,80472.72177539418,0.00583508112853239,3.846741935483871
2010-04-01,236.640942561019,0.5677257921405011,0.8563849537825652,4.987103163177209e-10,80096.56278342934,0.0057134019478048805,6.715433333333333
2010-05-01,236.73397540300186,0.7824364356721876,0.8563906380670286,4.656612999999884e-10,80194.3208800612,0.0056843334923038875,10.639258064516131
2010-06-01,234.24193173393687,0.9024549766971829,0.8564898653803626,4.656612999999884e-10,79700.13074383947,0.005918343399660133,14.410200000000001
2010-07-01,232.44401855481993,0.9345380770958304,0.8564353735897937,4.656612999999884e-10,79192.69169075442,0.006104650489899394,16.921322580645167
2010-08-01,233.507257623539,0.9368611175749307,0.8563885387689559,4.656612999999884e-10,79572.78866205129,0.005791738577717568,18.607064516129032
2010-09-01,235.12512727509085,0.9253055140947474,0.8563946207889646,1.1325985576614795e-09,79885.83995215985,0.004426166069083291,18.7986
2010-10-01,241.2866616437878,0.9013521913141089,0.8564552798822288,5.883123240379627e-09,79681.02346309436,0.004045463981215873,18.648322580645164
2010-11-01,249.0303917084184,0.8195310066385579,0.856403598330081,6.024942813281778e-07,79889.04231475142,0.004352284737689868,16.7549
2010-12-01,255.95605238347505,0.6083103830412181,0.8561793308253919,5.471690270838098e-06,81147.15375505267,0.005474658543144252,11.271161290322581
2011-01-01,256.4568365545915,0.3668305233343675,0.8560227542999531,5.873441717497328e-06,81244.44698744298,0.005850233035481553,4.511709677419355
2011-02-01,250.55704500208716,0.24330162381777112,0.8561663674057979,6.346785621137617e-07,80581.78348519845,0.005646295447910233,2.519071428571428
2011-03-01,241.82839191981353,0.3030809653463544,0.8563569297774493,9.837271648074608e-09,80691.17400357916,0.005876051726037132,3.3678387096774194
2011-04-01,238.40729097163992,0.5424850572797264,0.8563285553480235,4.656612999999884e-10,80647.58967503553,0.005727495595038269,6.096599999999999
2011-05-01,235.58168244234784,0.813601163609031,0.8564040611922042,4.656612999999884e-10,79938.94499400165,0.005748393507446472,10.092741935483874
2011-06-01,235.39489565250426,0.8951652346259769,0.8563761332509764,4.656612999999884e-10,80616.11152442457,0.005837264129823528,13.333300000000003
2011-07-01,236.88351187681064,0.9331333026047695,0.8563551542489988,4.656612999999884e-10,80797.90806219197,0.005713648281038874,15.752548387096773
2011-08-01,236.7677439500685,0.9239524318759031,0.8562678539225408,4.656612999999884e-10,80771.2371835463,0.005076912631827802,17.805451612903227
2011-09-01,234.89800651660536,0.9351890564041534,0.8563214109317501,4.656612999999884e-10,80448.09180489178,0.003829572675704453,18.739233333333342
2011-10-01,241.22596026021762,0.9079750703083627,0.8564087576555078,9.586563688574547e-10,80050.1927093355,0.0033822448646716992,18.21848387096774
2011-11-01,250.6980592583628,0.8321971719258264,0.8564067331890726,2.4175093442209733e-07,80900.12490510751,0.004797860284526815,15.757366666666664
2011-12-01,255.47667735144358,0.625557731399423,0.8562424442601146,4.436918538460438e-06,80205.29910559351,0.005766365239405217,11.198967741935482
2012-01-01,254.9046568216379,0.42988675903366264,0.856162402161292,2.3269563516988234e-06,80205.6089344754,0.006107865055264986,5.653870967741936
2012-02-01,249.88974655819192,0.28696413602241255,0.856233034976426,2.3765864536507756e-07,80616.3182844939,0.0058385332512483285,3.5532413793103452
2012-03-01,242.9415653677637,0.40559391874199374,0.8563992923898616,6.35494528284234e-08,80356.11552695258,0.005807578762865057,4.55025806451613
2012-04-01,236.87020280628047,0.6250058257254728,0.8563427204583614,1.8987032807981852e-09,80214.75662319093,0.0058057267927674894,7.309233333333333
2012-05-01,237.0219902675407,0.7688375770481382,0.8563515683892919,4.656612999999884e-10,80239.91969921935,0.005901034496276376,10.457
2012-06-01,235.40028727294336,0.8487147614464787,0.8564289446946902,4.656612999999884e-10,80502.77802163824,0.0061204720215249815,13.54666666666667
2012-07-01,232.5757476922807,0.9206327166658994,0.8564158696995879,4.656612999999884e-10,79795.78379846022,0.006019497355522071,16.298
2012-08-01,233.05521044673216,0.9378629306239539,0.8564286639530936,4.656612999999884e-10,79954.31217963004,0.0057215482182728285,18.096967741935487
2012-09-01,234.45198002894895,0.9356166492323585,0.8564045453653762,2.1761325758832804e-09,79857.16531395729,0.004385237748529153,19.20783333333333
2012-10-01,241.44317592494284,0.9219091820135817,0.856344251172759,4.656612999999884e-10,79925.03391441042,0.005354702355527286,18.593870967741942
2012-11-01,249.9928536853673,0.8757991105615871,0.8562660886564688,1.0328748931899159e-07,80864.36989672651,0.006543822841473455,16.10993333333333
2012-12-01,256.6513210656674,0.6708602983542067,0.8560856525577555,7.293319643996361e-06,81144.26137518806,0.006481241128466719,10.39422580645161
2013-01-01,256.8295096781918,0.4035259774888002,0.8560295692090905,7.803311129813337e-06,80971.04924684766,0.0060581332626218455,5.5432903225806465
2013-02-01,248.78419342390475,0.26986741355271054,0.8562292320244419,1.2473729457086692e-06,80129.02246448307,0.005975309009571369,3.8364285714285713
2013-03-01,242.3589271647767,0.40187249543769393,0.8563599979916288,1.1766977228610663e-07,79895.72282609444,0.005911307465115786,5.017387096774194
2013-04-01,237.6335210975737,0.6339591680596685,0.856456140895283,3.318837456966614e-09,79968.26025706633,0.0058906642331434615,7.622633333333332
2013-05-01,235.06675912989834,0.8080939227409539,0.8564280018414029,4.656612999999884e-10,80106.75114521294,0.005953830827666225,10.919741935483872
2013-06-01,237.5417775049024,0.8950707178533653,0.856419693635188,4.656612999999884e-10,80821.90165971633,0.005999706019924698,14.154833333333334
2013-07-01,233.59687703902887,0.9438481732558285,0.8564348436918373,4.656612999999884e-10,79908.80498734955,0.005961432788334263,16.80854838709677
2013-08-01,236.1426974354661,0.9463139914155468,0.8564451475877555,4.656612999999884e-10,80756.66196503911,0.005450723030758066,18.663774193548388
2013-09-01,238.87381472215915,0.9418333100083867,0.8564671624753675,5.387224551453745e-09,80762.05422907342,0.004266979039791046,19.388666666666666
2013-10-01,240.88349538407317,0.9369969573908665,0.8563708915654462,8.450867488809779e-10,80169.11449897334,0.004893603186397854,19.017774193548384
2013-11-01,250.2033371721127,0.8912223108003179,0.8563713912966023,1.6452201370315388e-08,80247.72878935318,0.00631076782810294,16.87216666666666
2013-12-01,256.06543446930436,0.7239315730952943,0.8562086953114293,4.746709753484417e-06,80752.45665970816,0.006553313104738094,11.85358064516129
2014-01-01,256.0827778504377,0.4458735795368776,0.8561273572204209,4.691522822506163e-06,81130.88536262781,0.006150423785328651,6.326806451612903
2014-02-01,248.7158025307229,0.2907192369039598,0.8562620871119369,7.529141903034398e-08,80498.99030307491,0.006250791814740982,3.8429999999999995
2014-03-01,240.81269543090693,0.41247869819312805,0.8563968020395086,9.802000076989808e-10,80138.38968921518,0.006102070446830329,4.901516129032258
2014-04-01,237.9254390992099,0.6993416419481315,0.8564448618335152,4.656612999999884e-10,80118.66619549853,0.006053747255161733,8.343
2014-05-01,238.2534285038597,0.8480752806277453,0.8564329382075533,4.656612999999884e-10,80667.36596532557,0.0058626750887013045,11.519354838709676
2014-06-01,235.56125159102575,0.9081458197634505,0.8564125485495886,4.656612999999884e-10,80292.57338518492,0.0059610857785226245,14.686666666666664
2014-07-01,232.85505958962878,0.9433403135060063,0.8564616442997778,4.656612999999884e-10,79848.81634377627,0.006024848788324505,17.105741935483866
2014-08-01,235.02044990488562,0.9426126503171817,0.8563306153353781,4.656612999999884e-10,79966.83017915521,0.0056028503033951,18.907967741935487
2014-09-01,237.49016483149194,0.9256639422046563,0.8563445024176551,4.656612999999884e-10,80639.81217445711,0.004300438647569422,19.7564
2014-10-01,240.936401097372,0.9251286269070988,0.8564152596731274,4.656612999999884e-10,79780.47260589247,0.004473505705144095,19.002806451612905
2014-11-01,248.9070791251014,0.8797683058947257,0.8563712804438233,7.895404911242435e-08,80379.8491793823,0.005680921244377443,16.387766666666668
2014-12-01,254.88015926054123,0.7194988861572492,0.8562448053071904,2.5765757194982715e-06,80402.87238608168,0.006283380749745455,11.928290322580644
2015-01-01,255.34501730460315,0.45127925476137887,0.8560940346721716,5.350388665334638e-06,80740.94734712696,0.006240041745853202,6.8518709677419345
2015-02-01,249.79710885257782,0.30500777402213614,0.8562606584527284,6.722214515137363e-07,80188.30862890706,0.006049576580798504,3.798928571428571
2015-03-01,242.3835835972058,0.43383090847568545,0.8563314590759742,1.0571376433486026e-06,80033.74958859714,0.005996117687650847,4.964258064516128
2015-04-01,238.21289216769904,0.7060650864734674,0.8564581745718817,6.900572686074198e-08,79828.67058824253,0.006020446326821136,8.3732
2015-05-01,236.49291481177082,0.843261154652939,0.8564079859885604,4.656612999999884e-10,80137.04309084841,0.005954331666633919,11.716129032258065
2015-06-01,235.12067757805175,0.9078463256552002,0.8564101104221034,4.656612999999884e-10,80206.54899774345,0.006094249597224953,14.4749
2015-07-01,232.75004929990564,0.9457887315114475,0.8563906666212231,4.656612999999884e-10,79429.27054663349,0.006170681300041125,16.775225806451612
2015-08-01,233.13728003770177,0.9490813859709755,0.8564185013678624,4.656612999999884e-10,79437.93424327679,0.005734580471164302,17.749354838709678
2015-09-01,233.74059951689216,0.9412682266938346,0.8564216413473191,4.656612999999884e-10,79524.50377877042,0.004201354188478725,18.444
2015-10-01,242.24055613451932,0.9296567524404895,0.8564473868691165,1.2127144000650263e-08,80159.84510905377,0.003275855770177036,18.40925806451613
2015-11-01,249.68428542464105,0.8659447112370181,0.8563672915283886,3.680700506556361e-08,80081.84688894969,0.004131608424168638,16.175100000000004
2015-12-01,256.0822892839214,0.6610024730565179,0.8562409913574542,4.912747909931242e-06,80805.64562122582,0.005616186670873706,10.655225806451613
2016-01-01,255.22378664070376,0.3470495737852064,0.8560623917092345,7.6216579929753376e-06,80418.8149156111,0.006141963972973573,4.689129032258064
2016-02-01,249.1544567008401,0.24046250826907625,0.8562718894852601,4.1946893724057715e-07,80336.71862678535,0.006004655696794054,2.78951724137931
2016-03-01,241.56112615322226,0.38420010558558293,0.8563715033497749,2.634651686561551e-07,79731.2604351848,0.005939442346124137,4.0690322580645155
2016-04-01,238.6845976753746,0.6340383737504148,0.8564264828026587,4.656612999999884e-10,80128.35932676042,0.005774520099421156,7.2216
2016-05-01,237.92508867727844,0.7628287223103086,0.856395900119033,6.145940172029564e-07,80223.93468267673,0.005889606595248273,10.102387096774192
2016-06-01,234.2211059526424,0.8520713847145217,0.8563831322502453,4.656612999999884e-10,79596.02880334515,0.006121925069310209,13.241933333333332
2016-07-01,233.8069541506542,0.8937349968237174,0.8564154831510514,7.692765338439493e-09,80001.86730583236,0.006068260985976612,16.02383870967742
2016-08-01,236.21023322965823,0.9040284817525582,0.8563905610402309,4.656612999999884e-10,80582.16639482594,0.005488225024155848,17.892032258064514
2016-09-01,234.78262731292008,0.8898391566122167,0.8564491687794115,4.656612999999884e-10,79192.63404536377,0.004412542876226758,18.150066666666667
2016-10-01,241.71283941031896,0.8691284639061931,0.856402547589133,8.404800575466286e-08,79959.26311199355,0.004508704165182273,17.459999999999997
2016-11-01,250.99789810348685,0.7721250053313944,0.8563809127533112,2.4933585873078974e-07,81002.67677786085,0.006472346540651824,14.222666666666667
2016-12-01,256.62820457835994,0.5503939277561445,0.8561779495401279,6.928413562252828e-06,81192.2875257732,0.006663643924461563,8.279387096774194
2017-01-01,256.17585869733625,0.2813758120122381,0.8560404963949795,6.1469071619530954e-06,81370.84118082708,0.006269534308515923,3.7839032258064518
2017-02-01,250.75114282733122,0.17254661560596427,0.8561599779080643,1.6821150157538637e-06,80873.0460182959,0.00607864522871224,2.2879285714285715
2017-03-01,243.3885190770673,0.21394403131617964,0.8562731098128911,1.5637490195913639e-06,80621.92083801863,0.006088652864044949,2.699064516129032
2017-04-01,238.8753950959159,0.44651329929235983,0.8563219175344653,1.0046574263225393e-09,80180.7055352505,0.005969803528373726,5.435933333333333
2017-05-01,238.6268277665159,0.6719214086147217,0.8563427381286813,4.656612999999884e-10,80021.66006220385,0.0059006666590810265,9.01383870967742
2017-06-01,234.8129991195156,0.8220304658552234,0.8564085983294126,4.656612999999884e-10,80172.85350409884,0.005951490954321815,12.408766666666668
2017-07-01,233.66437654240178,0.9032549393875099,0.8564416883087244,4.656612999999884e-10,79883.38279068295,0.005961062160453893,15.296677419354838
2017-08-01,233.71433738582965,0.9216237604231295,0.8563424591497344,4.656612999999884e-10,79654.51079303883,0.005648635063678499,17.218903225806454
2017-09-01,234.38585392924668,0.9265139362485771,0.8564174607684485,4.656612999999884e-10,79438.9050320266,0.004764820156169023,17.905900000000006
2017-10-01,242.74369134319468,0.9161647975853275,0.8564547341355288,4.656612999999884e-10,80406.1629845235,0.0048481688682158125,17.776096774193547
2017-11-01,249.70206487874452,0.8606467566647207,0.8563637981669866,6.052308609707985e-07,80028.88044890181,0.006551920262268625,15.113033333333334
2017-12-01,255.1750511626969,0.6220378334091754,0.8562064614752456,5.295007007862053e-06,80582.2817382652,0.006526336295437389,9.482064516129034
2018-01-01,255.8893634230033,0.29843896858533847,0.8560649563844569,5.266997100373235e-06,80663.03144935022,0.006323571020953454,4.210967741935486
2018-02-01,249.59794191438382,0.184942524754901,0.8561922823530249,7.435291199789497e-07,80289.64998168303,0.005993913823339957,2.3257857142857143
2018-03-01,243.75892226760158,0.26621261414140085,0.8563208354501822,2.324088586932767e-08,80472.4628061355,0.0058420560031215985,3.5399999999999996
2018-04-01,239.89141176054088,0.5112115617652274,0.8564477250894251,4.656612999999884e-10,80581.55994610225,0.005741733657851805,6.0331666666666655
2018-05-01,238.61730793763135,0.777197477434274,0.8563985316438127,4.656612999999884e-10,80364.31741192148,0.005893617507920617,9.321354838709675
2018-06-01,238.16782826731165,0.9004743113126511,0.8564148466972492,4.656612999999884e-10,80678.9903204012,0.0059205295208394374,12.885233333333334
2018-07-01,234.96098925702077,0.920507606232823,0.856420213348355,4.656612999999884e-10,80055.75818220114,0.0059457896820829595,15.700322580645159
2018-08-01,235.42383149840657,0.9442093919751288,0.8564400056095303,4.656612999999884e-10,80442.4857712505,0.005282321682095686,17.417387096774192
2018-09-01,234.58407083859817,0.9305687622081471,0.8564588364104785,4.656612999999884e-10,79512.8237065708,0.0040985571518469014,17.9613
2018-10-01,242.09208084728553,0.9090398652041874,0.8563489682172764,2.1319063083074266e-08,79918.4745374622,0.003519162957092034,17.732193548387098
2018-11-01,249.50037658940226,0.814018748325708,0.856365981637789,3.864064742542649e-07,79959.85855495284,0.005100051467452171,15.101833333333335
2018-12-01,257.2432725175753,0.5563188692058793,0.8562345721027281,4.4675551701820486e-06,80656.12499853598,0.006344618690825269,9.188129032258066
2019-01-01,255.75787230084003,0.30831887700520205,0.8560337286845303,4.411379010377154e-06,80637.6488349481,0.006270492540503297,3.8683225806451618
2019-02-01,251.39622320938568,0.22086422527689517,0.8561544578231239,4.978884152759033e-07,80907.83153202364,0.006041462692938852,2.6550357142857144
2019-03-01,243.5291117462857,0.27284419784991276,0.8563331202460073,4.925473047112739e-08,80353.85902569065,0.006140827925270945,3.1686129032258066
2019-04-01,238.72236890241766,0.519820073030107,0.8564100774921765,4.656612999999884e-10,80162.34437061494,0.005952167004304386,5.718166666666667
2019-05-01,237.09776380843311,0.7556245259950539,0.8564322652985411,4.656612999999884e-10,80449.31359696397,0.005954694311287751,8.852451612903227
2019-06-01,235.0497110855164,0.8661052335676077,0.8564095529911089,4.656612999999884e-10,79610.11337451565,0.006211627643589581,12.251100000000001
2019-07-01,235.9031289978697,0.890629371331991,0.8563367241535785,4.656612999999884e-10,80508.9219522718,0.0060239378145699116,15.302161290322584
2019-08-01,235.12572059406335,0.9044766232926325,0.8563619815969574,4.656612999999884e-10,80190.34860876987,0.005610117104041653,17.47774193548387
2019-09-01,235.28858526907712,0.8882767191004644,0.8564093014883992,4.656612999999884e-10,79563.70151465051,0.005749032627448149,18.334800000000005
2019-10-01,241.5470736314246,0.8979028391154926,0.8563765597853339,8.11389266432623e-09,80246.56115278274,0.00597599269031897,17.93670967741935
2019-11-01,250.26525983462128,0.8581168364600977,0.8563664133154612,9.497062270087529e-07,81117.37017296968,0.007207550080741634,14.994766666666667
2019-12-01,256.84669951150244,0.6355710316809096,0.8560801156493378,1.0895207237473916e-05,81527.79602017609,0.006713947517687251,9.408709677419358
2020-01-01,256.2673171951155,0.33145566444864066,0.8560606902682361,1.0208517912637615e-05,81113.51873307579,0.0064019843739981114,4.598225806451613
2020-02-01,250.3185629625536,0.20438348331344833,0.8561850251086501,7.597154308489354e-06,80588.27631327198,0.0062545021389021314,2.9200689655172414
2020-03-01,242.4111756824634,0.31027697689671113,0.8563296442207841,8.730145196621011e-07,79871.8782774994,0.006215520140632775,4.002709677419356
2020-04-01,240.1691140846397,0.5553563415633312,0.8564091579547765,5.1299500312452646e-09,80307.37806940507,0.005994198749033214,6.662366666666667
2020-05-01,238.45892338156986,0.7968884209138442,0.8564036180625364,4.656612999999884e-10,80111.99722162371,0.005930554984702763,9.871096774193553
2020-06-01,237.0717833041,0.8772116988065639,0.8563544625194703,4.656612999999884e-10,80124.7321179825,0.006036373450213087,13.274433333333333
2020-07-01,235.6697700984119,0.8692968653696692,0.8563488640889839,4.656612999999884e-10,80247.39572266185,0.00598000992614019,15.721419354838707
2020-08-01,233.2567907096388,0.9075853619893613,0.8563311513882664,4.656612999999884e-10,80480.97256924542,0.005464315805311653,17.75835483870968
2020-09-01,236.6176935973116,0.9189296189354,0.8563618719648779,4.656612999999884e-10,80099.82778226415,0.00395913706849765,18.83836666666667
2020-10-01,239.89259681593188,0.9206799355264733,0.8563739644142908,8.019112757607138e-09,79583.05093414035,0.0034404047389101403,18.49338709677419
2020-11-01,250.78974035578344,0.8401812597317266,0.856360453605656,4.5011256277712666e-07,80000.58869619374,0.00388948363525448,16.230866666666667
2020-12-01,256.10539326225876,0.6327266683452228,0.8562280323248892,3.938616694918103e-06,80211.31920561077,0.00526199419608138,10.574677419354837
2021-01-01,255.12702240663424,0.35295872352853264,0.8561040993574832,4.036222137256275e-06,80506.80182559472,0.0059879214996267005,4.666032258064516
2021-02-01,248.6586579453522,0.22526556891314328,0.8563209321086512,1.5313100049776377e-06,80055.73336036183,0.005977029372972395,2.8263461538461536
2021-03-01,243.78082287068085,0.3836575990652502,0.8564132624652809,1.1803693369352003e-08,80418.00117214746,0.006038912306543022,4.451677419354837
2021-04-01,236.89214087455886,0.6525161917626333,0.8564440445811485,1.4732427283799454e-09,79700.3241373467,0.0060749434764748285,7.0811666666666655
2021-05-01,236.72191373076927,0.8504113870312131,0.8564399839609625,1.9506431078747808e-07,80213.07052565331,0.006162656785026558,10.333709677419353
2021-06-01,233.8638088903638,0.9081169767014038,0.8563779170860631,4.656612999999884e-10,80165.72709873313,0.006100026925841013,13.457333333333334
2021-07-01,235.1462053915272,0.9172909591918663,0.8564043112325237,4.656612999999884e-10,80507.18012297181,0.005998620023812242,16.380580645161288
2021-08-01,233.05922689985306,0.9277678259065965,0.8563967374709439,4.656612999999884e-10,79942.07220751382,0.005444295453186964,18.130870967741934
2021-09-01,235.8988694592072,0.9204205773848317,0.8564318167792355,4.656612999999884e-10,79449.65180758874,0.0040060862883417965,18.45146666666667
2021-10-01,240.550710085009,0.8957921149688549,0.8564162303640621,4.656612999999884e-10,79909.07474947932,0.0033514654605909452,17.626
2021-11-01,249.46384786732796,0.7906747288479711,0.8563773082656063,5.692980224204382e-07,79907.45976871016,0.0042738088719979726,14.949999999999998
2021-12-01,256.6115764673597,0.5312691761360273,0.8563451309624915,2.2609368950132136e-06,80020.64002055232,0.005502458771948695,9.090483870967741
