,time,temperature_2m,Snow_albedo,snow_melt,surface_pressure,Total_column_ozone
0,1979-01-01,255.52795593449298,0.8565347982325621,3.6749738052177973e-06,80884.35910415037,0.006313254745281866
1,1979-02-01,249.1519871139972,0.8565400975654521,3.973923477067882e-08,80559.10756908351,0.006018898308458624
2,1979-03-01,242.58161856915058,0.8565347612773021,9.692198493528204e-09,80029.68586876974,0.006080458656038092
3,1979-04-01,239.4757436965543,0.8565400789098985,5.515169102434449e-09,80135.93928537243,0.0059070415400179046
4,1979-05-01,235.6304758490612,0.856545468538373,4.656612999999883e-10,79953.8112821967,0.00599865320121226
5,1979-06-01,235.37787238803043,0.8565347783281049,4.656612999999883e-10,79923.69647768594,0.006075920332370532
6,1979-07-01,230.93808746986937,0.8565400675509073,4.656612999999883e-10,79126.12717895511,0.00631346842655355
7,1979-08-01,232.5399759726501,0.8565401003337251,4.656612999999883e-10,79817.36343211062,0.006346030081138284
8,1979-09-01,235.8379224591245,0.8565347729045647,4.656612999999883e-10,79840.72864223778,0.00591547206713046
9,1979-10-01,239.5767372001601,0.8565401076631115,4.656612999999883e-10,79800.06483716909,0.006581503849192371
10,1979-11-01,248.69725658638595,0.8565347352457959,7.325944478308591e-07,80582.13377412412,0.0071944725075031015
11,1979-12-01,255.31364937343983,0.8565401601297064,1.496128983089406e-06,81287.57496952104,0.00713584148865558
12,1980-01-01,255.58857401400124,0.8565401004626746,2.0306100453338195e-06,81091.75236607918,0.006520735382163856
13,1980-02-01,250.13697938355816,0.8565401128435968,2.088690924992929e-07,81062.5407049568,0.00625802402351625
14,1980-03-01,244.0763186035024,0.8565348083220361,2.063989221092515e-09,80686.96827779834,0.006315789023672418
15,1980-04-01,240.29037576792717,0.8565401333008333,4.656612999999883e-10,80844.65388185186,0.006167101201784747
16,1980-05-01,238.69103607369857,0.8565401331055104,4.656612999999883e-10,80498.23567263925,0.0063126448009511865
17,1980-06-01,235.90365692265155,0.8565401252251739,4.656612999999883e-10,80024.91683662366,0.00655354491654872
18,1980-07-01,236.8285036141193,0.8565454764783568,4.656612999999883e-10,80779.36161148941,0.006366003707924835
19,1980-08-01,235.81586754787475,0.8565454625116913,4.656612999999883e-10,80376.42994459662,0.00631307105658204
20,1980-09-01,236.3827356464982,0.8565348359560264,4.656612999999883e-10,80492.10283852357,0.005562966131252218
21,1980-10-01,240.03857500204464,0.8565401191773687,4.656612999999883e-10,79622.53662015648,0.005392820167956607
22,1980-11-01,249.74603003573827,0.8565454450876409,4.656612999999883e-10,81016.83057692544,0.00654671492252096
23,1980-12-01,254.82938116171368,0.8565400843868726,1.1475046416366431e-06,80965.31481456514,0.007013417060637625
24,1981-01-01,255.42347867822312,0.8565401634093847,4.966189366187343e-07,80936.35257496072,0.006340796154494553
25,1981-02-01,250.10208167250562,0.8565401231582164,3.372228153859747e-08,80683.31696131702,0.005973999648259798
26,1981-03-01,244.18742086837372,0.8565400839081442,2.088419410536417e-09,80960.08981995897,0.005889469793753063
27,1981-04-01,238.410072692118,0.8565401239095323,2.1517544286790584e-08,80542.48905978425,0.0062472944472102025
28,1981-05-01,237.77304167522232,0.8565347457927966,1.086577054479303e-09,80418.9309270689,0.006270265606694385
29,1981-06-01,236.60950449598286,0.8565400829445455,4.656612999999883e-10,80121.90929718106,0.006328305689981215
30,1981-07-01,237.33592710985462,0.8565347843096829,4.656612999999883e-10,80589.40560217173,0.0062861066564807964
31,1981-08-01,236.41404494570216,0.8565401007207899,4.656612999999883e-10,80840.48717944548,0.006203304777723346
32,1981-09-01,235.68841998465854,0.8565348019786149,4.656612999999883e-10,80130.75923684322,0.005805083702923135
33,1981-10-01,239.8206608116829,0.8565401389821169,4.656612999999883e-10,79850.86036024673,0.005361828471150213
34,1981-11-01,247.7071814749181,0.8565347261618785,8.792365812427223e-09,79930.9956941503,0.006571494320269644
35,1981-12-01,255.20949310680317,0.8565400968556568,1.200714024817008e-07,80338.4039149374,0.006999935362397491
36,1982-01-01,255.6948673849331,0.8565400988085083,2.3687547271532997e-06,81172.14072477994,0.006207057076139698
37,1982-02-01,249.7781768586648,0.8565401141116522,3.6867227797763176e-08,80595.03092139654,0.005955077474833684
38,1982-03-01,240.44735470941055,0.8565401503729766,2.996793501030558e-08,79653.84434645453,0.006074796725624406
39,1982-04-01,237.50640141950402,0.8565400635962295,4.656612999999883e-10,79685.43241739365,0.005977965507966764
40,1982-05-01,237.5706765766724,0.8565401113764883,4.656612999999883e-10,80120.23771933603,0.006062568227420721
41,1982-06-01,235.89442851687699,0.8565348202923581,4.656612999999883e-10,79917.33932991582,0.006159815345921964
42,1982-07-01,235.67926865050202,0.8565400914872341,4.656612999999883e-10,80386.26945664966,0.006098110978024405
43,1982-08-01,233.98630361644715,0.856540114986651,4.656612999999883e-10,79637.44089316169,0.0059979008888145615
44,1982-09-01,234.07007870942172,0.8565400925190326,4.656612999999883e-10,79339.43791713865,0.005344079613540094
45,1982-10-01,241.14710944811213,0.8565294003049632,4.656612999999883e-10,80069.50311222539,0.005628005881872851
46,1982-11-01,250.56685663164865,0.8565347509525914,4.656612999999883e-10,80795.94267581525,0.0060099371009119966
47,1982-12-01,256.3646119687092,0.8565401584382583,1.0142163085167672e-06,81693.1533742647,0.006798644455138498
48,1983-01-01,255.55991654798007,0.8565454613250688,9.199979631695231e-07,81417.05289819991,0.006301612191856485
49,1983-02-01,248.96101106699416,0.8565347803297118,1.1539161518732298e-08,81018.67345218884,0.006150616047809958
50,1983-03-01,242.19769058917117,0.8565348008514946,1.44513828401138e-08,80402.61609341431,0.006198561665227159
51,1983-04-01,239.907496218648,0.8565347916942584,5.010597168222084e-09,80287.18479818468,0.005960033533912002
52,1983-05-01,239.7893941942133,0.8565400880660383,5.288966050608502e-10,80742.28460954966,0.005821299025770849
53,1983-06-01,235.40809656697917,0.8565350848898639,4.656612999999883e-10,80405.92538376754,0.005958612022969153
54,1983-07-01,232.35204542725327,0.8565261835465281,4.656612999999883e-10,79724.37817608702,0.0060656150573399
55,1983-08-01,234.69127943854178,0.8565399658207866,3.0026371164658827e-09,79759.58124628152,0.006003484294328986
56,1983-09-01,236.9309559005209,0.8565250464558479,4.656612999999883e-10,80004.00705790031,0.005118211286811061
57,1983-10-01,239.8505008609566,0.8565256562364363,4.656612999999883e-10,79382.68159892468,0.004893752637591482
58,1983-11-01,246.6702382751259,0.8565168911839879,1.297235001377386e-08,79788.90997715128,0.006702645997737324
59,1983-12-01,254.06647115111764,0.8564518413970366,2.0595051264397597e-06,80708.28532678059,0.006717112296451822
60,1984-01-01,255.8351673163823,0.8561402489117221,5.363130381393898e-06,81489.84406987063,0.006227740054406931
61,1984-02-01,249.6211347896929,0.8561139593953536,2.0024502814389086e-06,80902.18478738607,0.0060036250403933105
62,1984-03-01,244.19476766336413,0.8563380963457152,3.66833766142562e-08,80265.04381245503,0.005997736755284064
63,1984-04-01,239.16217207616788,0.8564280951446188,5.60512555023276e-10,80199.14001149409,0.005878080169047438
64,1984-05-01,239.14473104241569,0.8563876027007583,4.656612999999883e-10,80745.16834901294,0.00579411396641562
65,1984-06-01,234.39132045856036,0.8563647958260466,4.656612999999883e-10,80233.72157645178,0.00607403097253987
66,1984-07-01,234.99371734859812,0.8563022395698792,4.656612999999883e-10,79935.98482201638,0.006142582936605643
67,1984-08-01,233.82850453736492,0.8563460889361403,3.4511083883957065e-09,80212.65836934016,0.0060512685638498135
68,1984-09-01,235.53614186455016,0.8563651971270744,1.359041654927495e-08,79918.40226264394,0.00506279266516795
69,1984-10-01,239.80086375483089,0.8562448079331416,4.656612999999883e-10,79806.12932014756,0.0048962115527967365
70,1984-11-01,248.3259601890937,0.8562296884076281,2.9393010263899504e-08,80285.27631502636,0.006158599522283358
71,1984-12-01,256.4362631875933,0.8560446233222565,1.0537342180235175e-05,81659.86843636532,0.006412892417894989
72,1985-01-01,255.70307281007337,0.8558921146543369,1.1358312708016667e-05,81437.33918049965,0.006065643131045738
73,1985-02-01,248.37770316335298,0.8560180698448329,7.510895029848462e-07,80603.7161766647,0.005864256018997018
74,1985-03-01,242.8338291217166,0.8562548979357812,6.458017428243146e-09,80479.56157057338,0.005733687404815872
75,1985-04-01,239.1776253438008,0.8563430236902388,4.656612999999883e-10,80426.0970213259,0.005532988265305907
76,1985-05-01,235.7919287769629,0.8563422935874616,4.656612999999883e-10,80517.56856015112,0.005277819861672546
77,1985-06-01,237.01374219363913,0.8563209814402022,4.656612999999883e-10,80584.79118965527,0.0054017124068063685
78,1985-07-01,233.11293812947568,0.8563282539305089,4.656612999999883e-10,78969.44986834197,0.005461564111923297
79,1985-08-01,235.0621878772713,0.8563641629972182,4.656612999999883e-10,79983.46494543506,0.005393984926627359
80,1985-09-01,234.66800630248082,0.8563547409697008,4.656612999999883e-10,79449.29316676878,0.004706126730102018
81,1985-10-01,239.89415598268252,0.8562976931452758,1.0140288885513883e-07,79778.95572368482,0.004314073929511933
82,1985-11-01,248.1582402673625,0.8561558098781046,7.221611940831351e-07,79664.11514987372,0.005504260723930943
83,1985-12-01,253.93737796587348,0.856195153425612,2.3423224933394897e-06,80339.12552509207,0.0064245256784374975
84,1986-01-01,256.2725446883233,0.8559556108204215,4.818606831764657e-06,81076.62936201826,0.005890445796083422
85,1986-02-01,252.09193962916126,0.8560693055894257,1.2229245568112084e-06,81498.89455347366,0.005610334399032086
86,1986-03-01,243.45131775622482,0.8562288817084049,3.677087213139523e-08,80809.55138207883,0.005502341824145727
87,1986-04-01,239.50087715556802,0.8565185758069733,4.656612999999883e-10,80204.6673904544,0.0053602644076238505
88,1986-05-01,236.40684317188192,0.8565029091931593,4.656612999999883e-10,81012.15431844018,0.0053972008107053245
89,1986-06-01,234.4168085952379,0.8564975787016371,4.656612999999883e-10,80546.5048549977,0.005624952068826404
90,1986-07-01,234.45159120132593,0.8565186031572349,4.656612999999883e-10,79842.06336196637,0.005678544977405012
91,1986-08-01,233.61505002674755,0.8565259464895738,4.656612999999883e-10,79867.38690102285,0.005654847549728365
92,1986-09-01,232.62252070175842,0.8565349873850447,4.656612999999883e-10,79207.57033224741,0.004957736614429621
93,1986-10-01,239.19032789420314,0.8565333446003941,4.656612999999883e-10,79563.9374445672,0.004731058455362799
94,1986-11-01,248.80655857911083,0.8565115624469629,4.656612999999883e-10,80018.09980145673,0.006738691221852401
95,1986-12-01,255.017293686888,0.8564390598886261,1.688895210842486e-06,80562.30944895379,0.006625770940202789
96,1987-01-01,256.51314671064955,0.85639032351538,3.775551317620259e-06,81550.71766745055,0.006127957250364608
97,1987-02-01,249.49545154373143,0.8563986063590925,8.53835877664751e-07,80810.6667508994,0.0059757131139116
98,1987-03-01,241.89518120153062,0.8565087714408917,2.15318850772284e-08,80341.69889171043,0.005971101957450269
99,1987-04-01,237.1725778878521,0.8564964462187429,4.656612999999883e-10,80360.76103692921,0.005774448624755353
100,1987-05-01,236.00438336512798,0.8565195578611355,4.656612999999883e-10,80370.55885940275,0.005613473642491115
101,1987-06-01,237.36124278809794,0.856527668335045,4.656612999999883e-10,80610.84532342921,0.005563599630392398
102,1987-07-01,235.90126214895855,0.8564794591880471,4.656612999999883e-10,80673.86421573813,0.005556385728192004
103,1987-08-01,231.7278693685133,0.8565222253533147,4.656612999999883e-10,79306.1502554983,0.005612262406904807
104,1987-09-01,235.0687316791621,0.8565008416240837,4.656612999999883e-10,80260.70351093168,0.004251383157448336
105,1987-10-01,239.69574290798957,0.8565041651551454,3.4568134384315967e-09,79766.39586924488,0.0035808599509052877
106,1987-11-01,247.3722697626565,0.8564740551032428,1.0193636396461274e-07,79901.36134179763,0.00430541533492854
107,1987-12-01,254.92859040535402,0.8563784609922769,4.818915670579018e-06,80820.44605283634,0.006488661043579182
108,1988-01-01,256.06983425786444,0.8562936375038358,6.688563968607777e-06,81217.64318391909,0.005984996325484214
109,1988-02-01,248.9054160067529,0.8563750837664014,1.636934404699159e-06,80416.5518317442,0.005804152968480767
110,1988-03-01,243.78147582077978,0.8564456506133379,1.5937608079596627e-08,80501.32695656786,0.005832531850545017
111,1988-04-01,239.26838747193017,0.856492519876782,4.656612999999883e-10,80191.32952765428,0.0056806722998810405
112,1988-05-01,237.10237136851558,0.8565139397796337,4.656612999999883e-10,80659.22716333918,0.00557462479074745
113,1988-06-01,237.14101773368265,0.8565012238325959,4.656612999999883e-10,81134.539831456,0.005410441930192537
114,1988-07-01,234.23439030118286,0.8564909831247355,4.656612999999883e-10,79703.09985866363,0.005656821377119162
115,1988-08-01,236.41599312975757,0.8564941656480599,4.656612999999883e-10,80220.22394506923,0.005588282643105906
116,1988-09-01,236.3713900082761,0.8565127278348975,4.656612999999883e-10,80453.4447897219,0.00509526056671266
117,1988-10-01,241.60667188649043,0.8564990207425041,2.732393578689792e-09,81081.46796402724,0.005577550081226871
118,1988-11-01,248.33764016012464,0.8564627228523358,3.362025808512517e-08,80233.86964154523,0.007340858965621153
119,1988-12-01,255.11908649944192,0.8563668530779509,3.8731429794612835e-06,80604.45146063075,0.006839302059385424
120,1989-01-01,255.06026253495887,0.8562970486340244,7.167107400152582e-06,80945.87905984838,0.006127572689180597
121,1989-02-01,249.3134003962872,0.8563506440898658,1.4587582223857974e-06,80394.56109552071,0.005807934089842527
122,1989-03-01,243.12031356295074,0.8564777000573846,2.8093517155594656e-07,80369.74747834525,0.005719773843182234
123,1989-04-01,238.60328588376075,0.856444628856534,4.656612999999883e-10,80579.13480123586,0.005633533648884638
124,1989-05-01,234.1818150782909,0.8565198575224364,1.3472469451160848e-08,79150.61029104039,0.005793913871954398
125,1989-06-01,233.73109015016084,0.8565145145031001,4.656612999999883e-10,79686.59107117861,0.005906345350423094
126,1989-07-01,234.69158929612243,0.8565218560895753,4.656612999999883e-10,79716.40426379132,0.0059733477749343575
127,1989-08-01,234.22543289467552,0.8565160532803643,4.656612999999883e-10,80470.24445814418,0.0057308585258330005
128,1989-09-01,236.4069209851532,0.8565131946114729,1.606933123728829e-09,80161.1633584838,0.0043435023716805535
129,1989-10-01,240.9064502655584,0.8565117777894348,4.656612999999883e-10,79816.94406790516,0.003976116768965036
130,1989-11-01,248.97959435601044,0.8564681677114389,4.800580205959138e-07,80277.47029750014,0.005668106220594134
131,1989-12-01,256.46633954610826,0.8563145857154525,6.967352311704672e-06,81250.48389238036,0.006451890739575782
132,1990-01-01,256.5475630134944,0.8562788106633319,8.542047245957964e-06,81141.10192539405,0.006095233356347646
133,1990-02-01,249.55379372134118,0.85637648279053,2.425731687253934e-06,80313.43162604827,0.005843299444769535
134,1990-03-01,242.200028685537,0.8564480012802146,2.0516501555405407e-07,80385.69825032074,0.005774829126298022
135,1990-04-01,238.73649861565067,0.8564922532197655,4.656612999999883e-10,81024.14655698338,0.005662494197511889
136,1990-05-01,236.8452301344301,0.8564713655881844,4.656612999999883e-10,81183.32122919356,0.005446468960644465
137,1990-06-01,235.17448479347846,0.8565066252718961,4.656612999999883e-10,80472.62942365727,0.005550959583949996
138,1990-07-01,236.16673409570186,0.8564387392761647,4.656612999999883e-10,80827.50833186347,0.005565274193207793
139,1990-08-01,233.28045636818325,0.8564440788284582,4.656612999999883e-10,79798.39469541074,0.005214201422854242
140,1990-09-01,234.86858975651185,0.856433995058078,4.656612999999883e-10,79317.75583622826,0.004358312206694983
141,1990-10-01,240.83437046336783,0.8564172204205648,4.656612999999883e-10,80028.18252832697,0.0038467060759248797
142,1990-11-01,250.17602670906402,0.856417442093303,7.480041859916837e-09,80478.66719485889,0.004650918861960143
143,1990-12-01,256.66193933279493,0.8562020907811771,3.699052237478409e-06,81004.94927480114,0.005851578205885152
144,1991-01-01,255.29159164722387,0.8560814017725404,4.652047679878626e-06,80571.1972822323,0.005915360444489594
145,1991-02-01,251.60138504797797,0.8561259632915432,3.866563800580753e-07,81147.55855280964,0.005582759935082417
146,1991-03-01,241.8075129108064,0.8562502632589896,6.568036844808276e-10,80149.20080019499,0.0058143312923330925
147,1991-04-01,238.85855901894436,0.8563577875541303,4.656612999999883e-10,80524.51048674718,0.005636053608916253
148,1991-05-01,236.23909457077198,0.8563877135708622,4.656612999999883e-10,80369.3669626328,0.005830691511400313
149,1991-06-01,237.35574569794048,0.8563068254346875,4.656612999999883e-10,80732.6181283604,0.005940382127200292
150,1991-07-01,236.33136146650986,0.8564006643623052,4.656612999999883e-10,80695.0210429835,0.006117711816106883
151,1991-08-01,234.98553592596542,0.8563666923280666,4.656612999999883e-10,79884.07713277129,0.0057215060092015635
152,1991-09-01,237.1105002337611,0.8563659611088701,4.656612999999883e-10,80263.59391353527,0.004323717148156683
153,1991-10-01,240.6495396017596,0.8562649406078567,4.656612999999883e-10,79857.20535770968,0.004196964294134879
154,1991-11-01,248.75280530197682,0.8562463565583581,2.0516067185873388e-07,80495.69929257393,0.006404655198310246
155,1991-12-01,256.4635401836281,0.8558619405275193,1.396485226238002e-05,81771.46318610282,0.0064545743488888425
156,1992-01-01,255.7486561915236,0.8558173184454191,9.949321090455349e-06,81027.42920855849,0.005977664259778428
157,1992-02-01,249.44214917797578,0.8560184974424971,5.333093767282406e-07,81225.09684805738,0.0059066475621048
158,1992-03-01,242.3706551744913,0.8561875793093839,6.984093833139347e-08,80532.41265147008,0.005970648327815611
159,1992-04-01,238.90545475657532,0.8562649944406782,4.656612999999883e-10,80351.61296436409,0.006011819930851771
160,1992-05-01,237.82207573799786,0.8562355620301515,4.656612999999883e-10,80916.57499352544,0.0059940693859297026
161,1992-06-01,237.37295759643243,0.8561689401017816,3.185191266036825e-09,81116.09425734947,0.005928380933428158
162,1992-07-01,235.25742302535832,0.8561683587036806,4.656612999999883e-10,80026.33402315281,0.00585835385354014
163,1992-08-01,233.73791397589375,0.8561874917569678,4.656612999999883e-10,79832.68569360173,0.005671148185426606
164,1992-09-01,234.61681816681497,0.8563330686807982,4.656612999999883e-10,79526.50636977311,0.0040631375070473656
165,1992-10-01,241.7481345172365,0.8562377324412976,4.656612999999883e-10,80125.78288616268,0.004477767941286087
166,1992-11-01,249.0998990483224,0.8563275793163987,5.771041712731772e-07,80032.9164258043,0.0048068963441918145
167,1992-12-01,254.46876251873402,0.8561242384311676,1.2798266593756563e-05,80641.52263902611,0.006002625842619667
168,1993-01-01,256.0143830528846,0.8558414902967363,1.2960183959501955e-05,81676.16187522914,0.005929941384607718
169,1993-02-01,249.51558259959737,0.8560853114751007,2.0471149644733787e-06,80372.11565077039,0.005886362297941445
170,1993-03-01,242.34430627662846,0.856266843756907,9.075344930618904e-07,80417.32377434602,0.006198450277640378
171,1993-04-01,237.7693664557928,0.8563850861998913,5.993210670026645e-10,80163.79156135347,0.006052756182417873
172,1993-05-01,236.01238908127533,0.8562987325617969,4.656612999999883e-10,79910.41300074231,0.006186039456875618
173,1993-06-01,235.77033983348025,0.8562682744096034,4.656612999999883e-10,79937.29999691492,0.006471134870704664
174,1993-07-01,234.3385903045512,0.8562275712446177,4.656612999999883e-10,79520.12593593271,0.006639459544280169
175,1993-08-01,232.90886159555058,0.8562777119675727,4.656612999999883e-10,79463.02880752874,0.006122669677186528
176,1993-09-01,233.91648746805558,0.8561578934438937,4.656612999999883e-10,79560.30941676823,0.0041578109917134965
177,1993-10-01,240.60258437806576,0.8563091936014605,1.5321856303073284e-09,79602.76957833786,0.0036575435610906046
178,1993-11-01,248.90084891748302,0.8562313698494102,7.124042024728569e-07,80292.6762157927,0.004979249907612393
179,1993-12-01,254.5718560989481,0.8560792921856268,4.470007632099572e-06,80502.70566179289,0.00631835380609919
180,1994-01-01,254.8276593305888,0.8559419004066781,5.1031967281413856e-06,80882.49155007809,0.005936242552505149
181,1994-02-01,248.01235601417469,0.8561227109294863,3.0220261334780824e-07,80364.86628458553,0.005522330253642275
182,1994-03-01,240.98592104540802,0.8562532025844641,4.6694672425249176e-08,79969.12050238972,0.005911851545597421
183,1994-04-01,238.49221210482068,0.8562561971742964,2.8832327482694323e-08,80426.07067422206,0.005939221348679867
184,1994-05-01,234.74632079437882,0.8562180918207949,4.656612999999883e-10,80333.44193690707,0.006375749879187732
185,1994-06-01,236.91944402389512,0.8562686642560206,4.656612999999883e-10,81510.80480854907,0.006192112662142026
186,1994-07-01,234.2202268284981,0.8562213442337273,4.656612999999883e-10,80417.66138394475,0.006058675241207886
187,1994-08-01,232.1016244263653,0.8562598098361375,4.656612999999883e-10,79421.38284266187,0.005581113799730492
188,1994-09-01,235.34891789150987,0.8563039358153478,4.656612999999883e-10,80206.32970047997,0.004121635308267623
189,1994-10-01,240.39092298216397,0.8562343254599025,4.656612999999883e-10,80070.92497150492,0.004144863635927042
190,1994-11-01,249.26959656377807,0.8561517114303607,7.538310411365474e-07,80773.80968730517,0.006065430456088979
191,1994-12-01,254.6353187859327,0.8560131577747413,5.8830139283072036e-06,80429.77930130856,0.006744220726436729
192,1995-01-01,253.77228337609586,0.8560080814614294,7.916331834079126e-06,80452.19186394813,0.0061261835936143715
193,1995-02-01,249.86621708359817,0.8560504291465616,1.5250696347035161e-06,80538.11941904662,0.005946937409794954
194,1995-03-01,242.587426357539,0.8562625318573439,8.822521549858795e-09,80616.78335672918,0.0058068522077391205
195,1995-04-01,237.3607293394648,0.8562476415468108,4.656612999999883e-10,80205.95202407545,0.0060119121036607045
196,1995-05-01,235.03870271207376,0.85623186995654,4.656612999999883e-10,79843.33933593381,0.006070022517877909
197,1995-06-01,236.4174068208432,0.8562544733392887,4.656612999999883e-10,80767.85833574139,0.0062571196693136655
198,1995-07-01,236.60440714837796,0.8561362971574897,4.656612999999883e-10,81475.16807901888,0.006157926435041343
199,1995-08-01,234.07360160066952,0.8561889425327848,4.656612999999883e-10,80283.86956967786,0.005335138192669417
200,1995-09-01,233.2092081315746,0.8563008407834051,4.656612999999883e-10,79545.74727056992,0.00409701230873809
201,1995-10-01,240.64815068500442,0.8563443121854155,2.2919031674199234e-08,80129.97259111897,0.003537794454337521
202,1995-11-01,248.28874044716545,0.8562088921342333,3.915850234057565e-07,80372.4234577254,0.004785542922578545
203,1995-12-01,255.50420531574366,0.8560037958899381,7.380549919883673e-06,80395.91780097061,0.005903920553461717
204,1996-01-01,255.31356434152048,0.855916702932774,7.2147223203417755e-06,80996.00075101385,0.0058410616822672
205,1996-02-01,250.7903578068892,0.8561987635155232,1.4991170384357044e-06,80997.54933074098,0.0055475783303549535
206,1996-03-01,241.8550923792356,0.8563297048125228,1.7248461610246347e-08,80229.64919938927,0.005550465690482195
207,1996-04-01,239.50362124333446,0.8562631789883383,5.130818208215848e-10,80348.9602585419,0.005014911084547686
208,1996-05-01,233.78817262023415,0.8563042119120978,4.656612999999883e-10,80045.47184073697,0.005010757275457475
209,1996-06-01,235.01844217066773,0.8563792092157536,4.656612999999883e-10,80300.78299956754,0.005062886977529249
210,1996-07-01,235.4651329137593,0.856305730410782,4.656612999999883e-10,80087.23305207568,0.005165842006552717
211,1996-08-01,238.29973414355462,0.8563366128077461,4.656612999999883e-10,80717.16068658397,0.004592472456708925
212,1996-09-01,235.91326739005382,0.8562645425935222,4.656612999999883e-10,80682.17091241715,0.003803192683823585
213,1996-10-01,239.74997831570911,0.8563998964315408,2.686355045227416e-09,79469.80943996433,0.003727745732536236
214,1996-11-01,250.51111774930405,0.8563007341289839,3.739443375094165e-07,80754.98086859117,0.00464882340932167
215,1996-12-01,256.26213456950853,0.8560312038156692,8.607092396707014e-06,80970.7042375231,0.006132310263587322
216,1997-01-01,255.3188024613514,0.8558825355548502,9.585176852017408e-06,81000.18283154107,0.006049515033492379
217,1997-02-01,248.9613136080353,0.8560149456881825,6.655794919238603e-07,80786.55221229777,0.005894865576219147
218,1997-03-01,242.37840045861503,0.8562600187017149,1.5988579033360846e-07,79855.60262714262,0.005941122775749583
219,1997-04-01,236.9468864185097,0.8562620409014856,4.656612999999883e-10,80349.89031593678,0.005986345264333382
220,1997-05-01,235.20709340623188,0.856288566996707,4.958373762591996e-10,79767.2500069939,0.005855899792121199
221,1997-06-01,236.71583153004497,0.8562395903899398,4.656612999999883e-10,80678.26768068045,0.005715153927847099
222,1997-07-01,231.5373536128051,0.8562137895575533,4.656612999999883e-10,79661.18867453349,0.005528555759342323
223,1997-08-01,232.3266471032278,0.8562836689400116,4.656612999999883e-10,79702.08185161103,0.005300280953549354
224,1997-09-01,234.344561108861,0.856212914435771,4.656612999999883e-10,79952.57270880202,0.004035332791632187
225,1997-10-01,240.22140052564998,0.8561145010083697,4.656612999999883e-10,80032.32771605588,0.0036226525182390975
226,1997-11-01,251.0753871364841,0.8560608496204284,1.2236257382898608e-06,81194.90612315139,0.005131854691962257
227,1997-12-01,256.1309666593188,0.8558054789583359,1.3440173736318375e-05,81224.98648100176,0.005941909053983592
228,1998-01-01,255.65292386283366,0.8558928669340902,9.72664322487594e-06,80744.85058539429,0.005756284825542675
229,1998-02-01,250.7419106950031,0.8560224350051149,3.987205820645325e-06,80534.98855043916,0.005825957990925896
230,1998-03-01,241.7147856332581,0.8561970925520822,1.3223915921917842e-07,80164.21809266246,0.00593893907181395
231,1998-04-01,235.6668712061298,0.8563867245700549,1.7736600307504546e-07,79389.43614522093,0.0057417123330407785
232,1998-05-01,237.8708306530768,0.8562825695319093,7.398088183752301e-09,80165.55314367001,0.005515407624873735
233,1998-06-01,238.04286502777146,0.8562415696024386,4.656612999999883e-10,80062.2496238383,0.005564877357849262
234,1998-07-01,233.98930027996124,0.8562119216871695,4.656612999999883e-10,79765.284366742,0.0057221013259951495
235,1998-08-01,234.1281229008664,0.8562980543568989,4.656612999999883e-10,79605.45391014875,0.005133851986461001
236,1998-09-01,233.40217771090576,0.8563300998857708,4.656612999999883e-10,80041.10244571364,0.003722885288617513
237,1998-10-01,238.6122181110266,0.8562751041564581,4.656612999999883e-10,79903.64154322339,0.003345674009731501
238,1998-11-01,248.6470480558371,0.8562570598974688,2.610545582510337e-07,79900.94036045628,0.004285176616947193
239,1998-12-01,255.38971284327457,0.8560496786862802,7.738958759163867e-06,80421.59566600062,0.005550287504327806
240,1999-01-01,256.3771914709796,0.8559182045997025,8.680548204974644e-06,80876.88320962341,0.005743134779920982
241,1999-02-01,249.47041749117312,0.8560910747030219,5.334580359383868e-07,80697.44612385008,0.0056803785923380395
242,1999-03-01,241.69566834041646,0.85626206193577,8.573256281709755e-08,80412.63783153858,0.005775178972259946
243,1999-04-01,236.28467511996269,0.8563510506473317,6.308803264332397e-08,79704.29939219715,0.005889532471488615
244,1999-05-01,235.4291599162968,0.8564281424658604,4.656612999999883e-10,79808.55867571884,0.005890752240881906
245,1999-06-01,236.41764848569463,0.8563613540258301,4.656612999999883e-10,81292.10948158454,0.005690097548960803
246,1999-07-01,234.31716432545943,0.8562995529468919,4.656612999999883e-10,80017.45835930678,0.005766401792495439
247,1999-08-01,234.460443204622,0.8563425257667008,4.656612999999883e-10,79928.45898126367,0.005236086315361566
248,1999-09-01,235.9827015577412,0.8562759948025224,4.656612999999883e-10,80224.89496398646,0.003631830918534411
249,1999-10-01,241.09425349561184,0.8563547260726635,4.825217707532402e-09,79182.14236987308,0.003427919270726411
250,1999-11-01,249.01458246964955,0.8563156930630387,2.506181178579009e-07,79945.63339991872,0.004296044395335019
251,1999-12-01,253.99064388386554,0.8561210255906703,4.340906805468396e-06,79950.9173092638,0.005727098068293476
252,2000-01-01,254.24853032413185,0.855922379626787,5.306349362792047e-06,80287.66596017766,0.0058348902215673406
253,2000-02-01,248.80508137250786,0.8560568430189581,2.0853353983922182e-06,80409.36456904559,0.005748844095987454
254,2000-03-01,241.51494603873283,0.8562445156705758,2.3103485138968216e-07,80507.04982336819,0.0056979048572283345
255,2000-04-01,236.92617219263047,0.8563259381021557,4.656612999999883e-10,80279.13541112519,0.005585963181960739
256,2000-05-01,235.95382422682425,0.8563382009238653,1.2568405916043951e-08,80137.79596031412,0.005304568531382826
257,2000-06-01,236.21933276825916,0.8563781284962254,4.656612999999883e-10,80548.43539502371,0.005012480773212572
258,2000-07-01,234.4939737961068,0.8562776571681195,4.656612999999883e-10,80325.64193655063,0.005078652629410939
259,2000-08-01,234.504347637001,0.8562433188585886,4.656612999999883e-10,80231.6190788247,0.004662561300102346
260,2000-09-01,235.8154465651424,0.856241636018594,4.656612999999883e-10,80628.2832645456,0.003321731049689134
261,2000-10-01,239.74790721240944,0.8562178119204951,4.656612999999883e-10,79739.32364389724,0.0043920790969762275
262,2000-11-01,251.02041993361888,0.8561526197190396,4.6518666124811174e-07,80881.27946635036,0.0063024012044644116
263,2000-12-01,254.85547125667102,0.8559895993711499,5.507264576362222e-06,81516.50752759556,0.0063693046768104255
264,2001-01-01,255.04875517211778,0.8558736039127448,8.881789724391931e-06,81112.85544681974,0.005855687073133379
265,2001-02-01,249.96741443500744,0.8560521984701303,9.257350430124851e-07,81066.53957379192,0.005456300343164107
266,2001-03-01,241.1477026051864,0.8561480234513854,4.755852521353361e-08,80441.21750073822,0.005691920348334931
267,2001-04-01,237.68486078071288,0.8562086497639887,4.656612999999883e-10,80038.98360438982,0.005667691799158632
268,2001-05-01,237.22714696058716,0.856295192971234,2.09109183188934e-08,80566.72964902247,0.0054836176301732405
269,2001-06-01,236.9772976997014,0.8562758955891429,4.656612999999883e-10,80396.21720790042,0.005413359842996867
270,2001-07-01,235.21923194866426,0.8561660924584313,4.656612999999883e-10,80589.55675774353,0.005357572690204103
271,2001-08-01,231.71958202257076,0.8563044440653773,4.656612999999883e-10,79636.41537860916,0.004828367305096109
272,2001-09-01,235.7864776965709,0.8563361131309452,4.5478054358864935e-09,79848.80074548065,0.0034169891477410057
273,2001-10-01,240.0155093344307,0.8563409108943999,4.656612999999883e-10,79498.15767084062,0.0036367159023184665
274,2001-11-01,250.06850715851544,0.8562687587259118,7.469355809813838e-08,80154.09182054433,0.004378473096576322
275,2001-12-01,256.18233100930445,0.8562125613281684,3.3123076706903125e-06,80386.20166494025,0.005537910941099064
276,2002-01-01,256.7085855260192,0.8558913668854784,9.61292152246982e-06,80843.88462833456,0.005849075089341553
277,2002-02-01,249.075376336203,0.8561672004306652,9.363525515719364e-07,80159.68631619144,0.005723465986429407
278,2002-03-01,244.18977669620082,0.8562845095151338,2.476504500849064e-09,81018.26187839611,0.005583745247615513
279,2002-04-01,240.0117256160315,0.8563657213446604,4.656612999999883e-10,80267.52503937017,0.005470906264789329
280,2002-05-01,239.37755990943197,0.8562855595425712,4.656612999999883e-10,81267.68898034777,0.005283203340870736
281,2002-06-01,235.9758209969956,0.8562266324767785,4.656612999999883e-10,80683.51559868341,0.0052773384292882745
282,2002-07-01,235.0925395210432,0.8562387197737827,4.656612999999883e-10,80598.05509776279,0.005386809760509174
283,2002-08-01,234.902659760962,0.8562428339349762,4.656612999999883e-10,79845.70593592977,0.005307915738141904
284,2002-09-01,236.89228113399625,0.8561505761414079,5.705814595936205e-10,80492.14814826612,0.0054695473217634795
285,2002-10-01,241.64774324143008,0.8561519418981982,9.074162438211358e-09,80966.29220886543,0.005612981458612665
286,2002-11-01,248.39179408573426,0.8561570501664005,1.7523007807976248e-07,80520.49865400625,0.007148793551149931
287,2002-12-01,254.42695465943248,0.8559568901661789,1.0732478781149206e-05,80408.39447889246,0.006461001614595486
288,2003-01-01,255.89938152704258,0.8558931263108456,1.1250631954272536e-05,81502.6619796425,0.005881326465410975
289,2003-02-01,250.53134722721023,0.8561012877102606,8.528878645485012e-07,81072.5905254492,0.005571495974109685
290,2003-03-01,242.45973476031705,0.8562463949266359,3.34398773993058e-07,80563.46994092887,0.005698342666837995
291,2003-04-01,237.8075885245769,0.8562674438004025,1.298516922752112e-08,80001.15601758259,0.0055742974439798925
292,2003-05-01,236.36844650907952,0.8563215273508406,4.656612999999883e-10,80195.21925268018,0.005404970925270006
293,2003-06-01,234.4555528327597,0.8562959873424224,4.656612999999883e-10,80958.71917569444,0.005814944172115301
294,2003-07-01,233.2086094125756,0.8563067695273734,4.656612999999883e-10,80003.57742300036,0.005860938360681544
295,2003-08-01,234.62388189305744,0.8563316584462244,4.656612999999883e-10,79701.41676596027,0.005420379434031862
296,2003-09-01,235.77350521446397,0.8563387647164852,4.987103158696215e-10,80087.44474107794,0.003909489602750818
297,2003-10-01,240.63616545606038,0.8563156885413976,4.656612999999883e-10,79966.06647215012,0.004015690824234915
298,2003-11-01,248.55087395198268,0.8562532596693259,1.6605094467396767e-07,80405.46220445432,0.005363306226754822
299,2003-12-01,256.22661149924573,0.856007278597323,6.177566442605473e-06,81658.38432099117,0.006139547371643692
300,2004-01-01,255.83084874705017,0.8558732713089494,7.161575117972888e-06,80823.44842936353,0.005815649890358959
301,2004-02-01,250.50596985740842,0.8560806687808112,1.0585335657217606e-06,81259.78339285305,0.0057068599407579645
302,2004-03-01,241.85744485336528,0.8562796803399471,1.9218533026277866e-07,80136.02645307392,0.00582456452075729
303,2004-04-01,238.6930120089049,0.8563468417001,8.48907671064018e-09,80268.27825842987,0.005678065409511472
304,2004-05-01,235.08557958641663,0.8563515794330359,8.724069056916991e-10,80188.80454865951,0.0058331599922534045
305,2004-06-01,235.7241589633132,0.8563438913985758,5.547700809384197e-10,79866.23624814274,0.006326433676987571
306,2004-07-01,230.80090152690315,0.8563274900616582,1.2979457405839272e-08,79405.12867827446,0.00648272836926226
307,2004-08-01,232.70063553795146,0.8563635668708617,4.656612999999883e-10,79830.19619014085,0.005909526296919078
308,2004-09-01,236.38621053486926,0.8564029117420592,4.656612999999883e-10,79974.02553104536,0.0043764069995556884
309,2004-10-01,240.90166022162998,0.8563669057555051,4.517636197511205e-09,80045.43920602092,0.004730989503813796
310,2004-11-01,248.70213234469026,0.8562799570090278,5.400369451042836e-07,80388.35278974332,0.005408024594637074
311,2004-12-01,256.20453996126395,0.8559898452958589,9.260121653288955e-06,81378.58392643319,0.006324303917247771
312,2005-01-01,256.51973870699936,0.8558872763832949,8.311456420536603e-06,81140.44637159213,0.005816462821801367
313,2005-02-01,249.60713670814454,0.8562420916132585,1.3384139048072321e-06,80214.18103264099,0.005724670303271954
314,2005-03-01,242.68178593733356,0.856346487870429,4.5240069713352354e-08,80446.81639288395,0.005698843201406203
315,2005-04-01,237.5147792513213,0.8563220928364311,4.656612999999883e-10,80090.56706861447,0.005690155593420198
316,2005-05-01,235.9914980111284,0.8562665749096832,4.656612999999883e-10,80454.95672761224,0.0058173998769535575
317,2005-06-01,236.35228867267045,0.8562859073416278,4.656612999999883e-10,80992.50661170691,0.00595086871212767
318,2005-07-01,234.41739456445683,0.8562134703255138,4.656612999999883e-10,80177.41418836088,0.005772810773675805
319,2005-08-01,234.3178788202513,0.8562950159869862,4.656612999999883e-10,79770.71954530054,0.00528154848179761
320,2005-09-01,236.94147377287186,0.8562644377700563,4.656612999999883e-10,80060.10648197857,0.0038699023059987022
321,2005-10-01,242.2198927742167,0.8563090011949828,2.9495006304548968e-08,79871.47678060607,0.004122191362644282
322,2005-11-01,248.8733581916084,0.8562159255421327,4.475958733312753e-07,80461.85506371188,0.00592415242658068
323,2005-12-01,257.114112947308,0.8560955978028019,5.605898432998337e-06,81814.94200454383,0.0059648838675209325
324,2006-01-01,255.95571787269935,0.8559949032207135,8.790338857644385e-06,81007.86983337447,0.005909065288223407
325,2006-02-01,249.44567026664558,0.8560244729877465,4.584582323589698e-06,80786.62513647662,0.00588022707099194
326,2006-03-01,242.45919358514485,0.8562369738674239,9.577134568093124e-09,80374.36466042035,0.006108042346793268
327,2006-04-01,238.39250661769051,0.8563926854090989,6.685224707014129e-09,80554.59579900275,0.005931068922379414
328,2006-05-01,235.88938780031282,0.8563604634019363,1.7080405171913388e-08,79654.55050259383,0.006150740554300301
329,2006-06-01,237.05753696316208,0.8562802421431662,1.2518173223363588e-07,80305.13955033058,0.006163718978882979
330,2006-07-01,232.8116281906597,0.8563451852706421,4.656612999999883e-10,79692.20703314223,0.00610164758654746
331,2006-08-01,236.26243807929455,0.8561541305577829,4.656612999999883e-10,80952.44100557645,0.005158535768600345
332,2006-09-01,234.79328552946444,0.8562118952210037,4.656612999999883e-10,80237.96928038298,0.0036773644577593493
333,2006-10-01,239.79288634730477,0.8562527909298592,2.1724179850448426e-07,79575.0233550736,0.003495442056039293
334,2006-11-01,250.12075683870287,0.8563194135017803,5.846191149286728e-07,80233.70631171332,0.00420037152695896
335,2006-12-01,254.57794474812374,0.8560210455684901,5.446526271813527e-06,80662.93879223776,0.005972202878894447
336,2007-01-01,256.52491916042266,0.8559325631685203,7.560395911802702e-06,81124.47857308204,0.0058111893892408865
337,2007-02-01,248.83833290167095,0.8560313280569674,7.960005843530144e-07,80535.78308948464,0.005905179108450451
338,2007-03-01,241.88672359948643,0.8562744849412663,6.100115199889861e-09,80704.05800865577,0.005739323660953692
339,2007-04-01,237.79484902841432,0.8562672838191893,4.656612999999883e-10,80681.00484858171,0.005621963936695689
340,2007-05-01,239.0222369055526,0.8561815906728348,4.656612999999883e-10,80817.03203219277,0.0053951517304817965
341,2007-06-01,238.27022340137376,0.8562771548033897,4.656612999999883e-10,80894.05206863943,0.005535519816947351
342,2007-07-01,236.00595810685158,0.856242523510229,4.656612999999883e-10,81390.35419476016,0.005493963771035486
343,2007-08-01,234.39820231234864,0.8563028176838687,4.656612999999883e-10,80056.48008861327,0.005046541697052983
344,2007-09-01,234.99722377974683,0.8562676246900127,4.656612999999883e-10,80119.75925523232,0.0041034880032072155
345,2007-10-01,240.04402680496932,0.8562575314297863,4.656612999999883e-10,80146.36978133314,0.004416742371692446
346,2007-11-01,249.61485253627663,0.856127396862674,2.3164595490558262e-07,80637.43105300497,0.004690335104746554
347,2007-12-01,254.9487580878944,0.8560636214839449,4.0919788605273135e-06,80287.80929499301,0.005686909215814022
348,2008-01-01,254.65929136119252,0.8559537699647184,6.059744694424787e-06,80595.56454987868,0.006132436621396118
349,2008-02-01,248.47048669587863,0.8561720671548613,6.144529510214027e-07,80285.78153261487,0.0060368956018050715
350,2008-03-01,242.66079479465992,0.8561988228486483,1.385435260624471e-07,80537.7703042117,0.006044478869026014
351,2008-04-01,239.5496457233236,0.8562502613050692,1.2432713995990902e-09,80608.65111908021,0.005658732320218103
352,2008-05-01,236.59404016198795,0.856389072806971,4.656612999999883e-10,80464.79700197776,0.0057979842059587994
353,2008-06-01,234.37264756687625,0.8562807556561032,4.656612999999883e-10,80085.36957098402,0.00597996179271305
354,2008-07-01,234.87808118426852,0.8562658548653133,4.656612999999883e-10,80146.9975755655,0.005957055302247426
355,2008-08-01,232.8182165707648,0.8563159098166186,4.656612999999883e-10,79801.13065265128,0.005432128915228149
356,2008-09-01,236.4514512289546,0.8562839637569809,2.3442710189598777e-09,79834.38395307653,0.0038033715513056095
357,2008-10-01,239.8005011900385,0.8562592239025191,3.3360478835128143e-09,79615.52098482719,0.003783905469582748
358,2008-11-01,248.66324208319583,0.8562067422446162,3.3820209970290064e-07,80096.05530485803,0.004325516252270142
359,2008-12-01,255.41523560172126,0.8562430071842794,2.6380633443536657e-06,80469.03931195299,0.0055565714277592965
360,2009-01-01,256.2017875671754,0.8559268183719562,6.272545264086918e-06,80612.01793257262,0.005990038974335971
361,2009-02-01,249.14488324853642,0.8560834842074115,9.35698704974886e-07,80566.9025675935,0.005656621478993093
362,2009-03-01,242.4313167070092,0.8562588515300713,1.255769110273489e-07,80227.74833403762,0.005549614716431829
363,2009-04-01,237.14904770438503,0.8562713959902387,4.656612999999883e-10,80529.4098395356,0.005408128830384615
364,2009-05-01,238.7087107945071,0.8562942478603418,4.656612999999883e-10,80808.21565984291,0.005401361438385282
365,2009-06-01,236.60336287526954,0.8563392137085069,4.656612999999883e-10,80840.40230803173,0.0054947385167931325
366,2009-07-01,236.72385555203635,0.8562284710377883,4.656612999999883e-10,80607.62443888695,0.005415247747138068
367,2009-08-01,233.4701530746212,0.8562164360637711,4.656612999999883e-10,80494.03579607616,0.004973584883060545
368,2009-09-01,234.67534301740585,0.8562625662617328,4.656612999999883e-10,80191.19175739857,0.003738228678197773
369,2009-10-01,240.316804909789,0.8563063711672789,4.656612999999883e-10,79784.84894320367,0.004273332316117153
370,2009-11-01,250.56796639356492,0.8561985974254018,3.51306955229148e-07,80877.6802584719,0.0050142049421687965
371,2009-12-01,255.5981806497568,0.8560235946055148,5.734405695548651e-06,80676.94528414866,0.006273113227627592
372,2010-01-01,256.8945291086636,0.8560510717542668,5.556428192864993e-06,81556.98996027574,0.006035856689655383
373,2010-02-01,250.68239900897328,0.8561294198203482,1.4232768491439492e-06,81082.6104653732,0.005731105505955048
374,2010-03-01,243.0875453870672,0.8563359051501718,3.087083696167195e-07,80472.72177539418,0.00583508112853239
375,2010-04-01,236.640942561019,0.8563849537825652,4.987103163177209e-10,80096.56278342934,0.005713401947804881
376,2010-05-01,236.73397540300186,0.8563906380670286,4.656612999999883e-10,80194.3208800612,0.005684333492303888
377,2010-06-01,234.2419317339369,0.8564898653803626,4.656612999999883e-10,79700.13074383947,0.005918343399660132
378,2010-07-01,232.44401855482,0.8564353735897937,4.656612999999883e-10,79192.69169075442,0.006104650489899393
379,2010-08-01,233.507257623539,0.8563885387689559,4.656612999999883e-10,79572.78866205129,0.005791738577717568
380,2010-09-01,235.12512727509082,0.8563946207889646,1.1325985576614795e-09,79885.83995215985,0.004426166069083291
381,2010-10-01,241.2866616437878,0.8564552798822288,5.883123240379627e-09,79681.02346309436,0.0040454639812158725
382,2010-11-01,249.0303917084184,0.856403598330081,6.024942813281778e-07,79889.04231475142,0.004352284737689868
383,2010-12-01,255.95605238347503,0.8561793308253919,5.471690270838098e-06,81147.15375505267,0.005474658543144252
384,2011-01-01,256.45683655459146,0.8560227542999531,5.873441717497328e-06,81244.44698744298,0.005850233035481553
385,2011-02-01,250.55704500208716,0.8561663674057979,6.346785621137615e-07,80581.78348519845,0.005646295447910233
386,2011-03-01,241.82839191981358,0.8563569297774493,9.837271648074607e-09,80691.17400357916,0.005876051726037132
387,2011-04-01,238.4072909716399,0.8563285553480235,4.656612999999883e-10,80647.58967503553,0.005727495595038269
388,2011-05-01,235.58168244234784,0.8564040611922042,4.656612999999883e-10,79938.94499400165,0.005748393507446471
389,2011-06-01,235.39489565250423,0.8563761332509764,4.656612999999883e-10,80616.11152442457,0.005837264129823528
390,2011-07-01,236.88351187681062,0.8563551542489988,4.656612999999883e-10,80797.90806219197,0.0057136482810388745
391,2011-08-01,236.7677439500685,0.8562678539225408,4.656612999999883e-10,80771.2371835463,0.005076912631827803
392,2011-09-01,234.89800651660536,0.8563214109317501,4.656612999999883e-10,80448.09180489178,0.003829572675704453
393,2011-10-01,241.2259602602176,0.8564087576555078,9.586563688574552e-10,80050.1927093355,0.003382244864671699
394,2011-11-01,250.6980592583628,0.8564067331890726,2.4175093442209733e-07,80900.12490510751,0.004797860284526815
395,2011-12-01,255.47667735144358,0.8562424442601146,4.436918538460438e-06,80205.29910559351,0.005766365239405217
396,2012-01-01,254.90465682163793,0.856162402161292,2.326956351698824e-06,80205.6089344754,0.006107865055264986
397,2012-02-01,249.88974655819192,0.8562330349764259,2.3765864536507753e-07,80616.3182844939,0.0058385332512483285
398,2012-03-01,242.94156536776367,0.8563992923898616,6.354945282842339e-08,80356.11552695258,0.0058075787628650575
399,2012-04-01,236.87020280628047,0.8563427204583614,1.898703280798185e-09,80214.75662319093,0.0058057267927674894
400,2012-05-01,237.0219902675407,0.8563515683892919,4.656612999999883e-10,80239.91969921935,0.005901034496276376
401,2012-06-01,235.4002872729434,0.8564289446946902,4.656612999999883e-10,80502.77802163824,0.006120472021524982
402,2012-07-01,232.5757476922807,0.8564158696995879,4.656612999999883e-10,79795.78379846022,0.006019497355522071
403,2012-08-01,233.05521044673213,0.8564286639530936,4.656612999999883e-10,79954.31217963004,0.0057215482182728285
404,2012-09-01,234.4519800289489,0.8564045453653762,2.1761325758832804e-09,79857.16531395729,0.004385237748529153
405,2012-10-01,241.44317592494286,0.8563442511727591,4.656612999999883e-10,79925.03391441044,0.005354702355527287
406,2012-11-01,249.99285368536732,0.8562660886564688,1.0328748931899162e-07,80864.36989672651,0.006543822841473455
407,2012-12-01,256.65132106566745,0.8560856525577555,7.293319643996361e-06,81144.26137518807,0.006481241128466719
408,2013-01-01,256.8295096781918,0.8560295692090905,7.803311129813337e-06,80971.04924684767,0.0060581332626218455
409,2013-02-01,248.78419342390475,0.8562292320244419,1.2473729457086692e-06,80129.02246448307,0.005975309009571369
410,2013-03-01,242.35892716477667,0.8563599979916288,1.1766977228610663e-07,79895.72282609444,0.005911307465115786
411,2013-04-01,237.6335210975737,0.8564561408952829,3.318837456966614e-09,79968.26025706633,0.0058906642331434615
412,2013-05-01,235.06675912989837,0.8564280018414029,4.656612999999883e-10,80106.75114521294,0.005953830827666225
413,2013-06-01,237.54177750490243,0.856419693635188,4.656612999999883e-10,80821.90165971633,0.005999706019924698
414,2013-07-01,233.5968770390289,0.8564348436918373,4.656612999999883e-10,79908.80498734955,0.005961432788334263
415,2013-08-01,236.1426974354661,0.8564451475877555,4.656612999999883e-10,80756.66196503911,0.0054507230307580656
416,2013-09-01,238.87381472215915,0.8564671624753675,5.387224551453745e-09,80762.05422907343,0.004266979039791047
417,2013-10-01,240.88349538407317,0.8563708915654462,8.450867488809779e-10,80169.11449897334,0.004893603186397854
418,2013-11-01,250.2033371721127,0.8563713912966023,1.6452201370315388e-08,80247.72878935318,0.00631076782810294
419,2013-12-01,256.06543446930436,0.8562086953114293,4.746709753484417e-06,80752.45665970816,0.006553313104738094
420,2014-01-01,256.0827778504377,0.8561273572204209,4.691522822506163e-06,81130.88536262781,0.0061504237853286505
421,2014-02-01,248.71580253072293,0.8562620871119369,7.529141903034397e-08,80498.99030307491,0.006250791814740982
422,2014-03-01,240.8126954309069,0.8563968020395086,9.802000076989806e-10,80138.38968921518,0.006102070446830329
423,2014-04-01,237.9254390992099,0.8564448618335152,4.656612999999883e-10,80118.66619549853,0.006053747255161732
424,2014-05-01,238.25342850385968,0.8564329382075533,4.656612999999883e-10,80667.36596532557,0.0058626750887013045
425,2014-06-01,235.56125159102572,0.8564125485495886,4.656612999999883e-10,80292.57338518492,0.005961085778522625
426,2014-07-01,232.85505958962884,0.8564616442997778,4.656612999999883e-10,79848.81634377629,0.006024848788324505
427,2014-08-01,235.0204499048856,0.8563306153353781,4.656612999999883e-10,79966.83017915521,0.005602850303395101
428,2014-09-01,237.49016483149197,0.8563445024176551,4.656612999999883e-10,80639.81217445711,0.004300438647569422
429,2014-10-01,240.93640109737203,0.8564152596731274,4.656612999999883e-10,79780.47260589247,0.004473505705144096
430,2014-11-01,248.9070791251014,0.8563712804438233,7.895404911242435e-08,80379.8491793823,0.005680921244377443
431,2014-12-01,254.88015926054126,0.8562448053071904,2.5765757194982715e-06,80402.87238608168,0.006283380749745455
432,2015-01-01,255.34501730460315,0.8560940346721716,5.3503886653346385e-06,80740.94734712696,0.0062400417458532
433,2015-02-01,249.79710885257785,0.8562606584527284,6.722214515137364e-07,80188.30862890706,0.006049576580798504
434,2015-03-01,242.3835835972058,0.8563314590759742,1.0571376433486026e-06,80033.74958859714,0.0059961176876508464
435,2015-04-01,238.212892167699,0.8564581745718817,6.900572686074198e-08,79828.67058824253,0.006020446326821136
436,2015-05-01,236.49291481177082,0.8564079859885604,4.656612999999883e-10,80137.04309084841,0.005954331666633918
437,2015-06-01,235.12067757805173,0.8564101104221034,4.656612999999883e-10,80206.54899774345,0.006094249597224952
438,2015-07-01,232.7500492999056,0.8563906666212231,4.656612999999883e-10,79429.27054663349,0.006170681300041124
439,2015-08-01,233.13728003770177,0.8564185013678624,4.656612999999883e-10,79437.93424327679,0.005734580471164302
440,2015-09-01,233.74059951689216,0.8564216413473191,4.656612999999883e-10,79524.50377877044,0.004201354188478725
441,2015-10-01,242.24055613451927,0.8564473868691165,1.2127144000650264e-08,80159.84510905379,0.003275855770177036
442,2015-11-01,249.68428542464105,0.8563672915283886,3.680700506556361e-08,80081.84688894969,0.004131608424168638
443,2015-12-01,256.0822892839214,0.8562409913574542,4.912747909931241e-06,80805.64562122582,0.005616186670873707
444,2016-01-01,255.22378664070374,0.8560623917092345,7.6216579929753376e-06,80418.8149156111,0.006141963972973572
445,2016-02-01,249.15445670084011,0.8562718894852601,4.1946893724057694e-07,80336.71862678535,0.006004655696794053
446,2016-03-01,241.56112615322223,0.8563715033497749,2.634651686561551e-07,79731.2604351848,0.005939442346124137
447,2016-04-01,238.6845976753746,0.8564264828026587,4.656612999999883e-10,80128.35932676043,0.005774520099421156
448,2016-05-01,237.92508867727844,0.856395900119033,6.145940172029564e-07,80223.93468267673,0.005889606595248273
449,2016-06-01,234.2211059526424,0.8563831322502453,4.656612999999883e-10,79596.02880334515,0.00612192506931021
450,2016-07-01,233.80695415065418,0.8564154831510514,7.692765338439493e-09,80001.86730583236,0.006068260985976612
451,2016-08-01,236.21023322965823,0.8563905610402309,4.656612999999883e-10,80582.16639482594,0.005488225024155848
452,2016-09-01,234.7826273129201,0.8564491687794115,4.656612999999883e-10,79192.63404536378,0.004412542876226758
453,2016-10-01,241.712839410319,0.8564025475891329,8.404800575466286e-08,79959.26311199355,0.004508704165182275
454,2016-11-01,250.99789810348688,0.8563809127533112,2.493358587307897e-07,81002.67677786085,0.006472346540651825
455,2016-12-01,256.62820457836,0.8561779495401279,6.92841356225283e-06,81192.28752577321,0.006663643924461563
456,2017-01-01,256.17585869733625,0.8560404963949795,6.146907161953096e-06,81370.84118082708,0.006269534308515922
457,2017-02-01,250.7511428273312,0.8561599779080643,1.6821150157538637e-06,80873.04601829589,0.006078645228712239
458,2017-03-01,243.3885190770673,0.8562731098128911,1.563749019591364e-06,80621.92083801862,0.006088652864044949
459,2017-04-01,238.8753950959159,0.8563219175344653,1.0046574263225393e-09,80180.7055352505,0.005969803528373726
460,2017-05-01,238.62682776651593,0.8563427381286813,4.656612999999883e-10,80021.66006220385,0.005900666659081026
461,2017-06-01,234.8129991195156,0.8564085983294126,4.656612999999883e-10,80172.85350409884,0.0059514909543218145
462,2017-07-01,233.66437654240173,0.8564416883087244,4.656612999999883e-10,79883.38279068295,0.005961062160453892
463,2017-08-01,233.71433738582962,0.8563424591497344,4.656612999999883e-10,79654.51079303883,0.005648635063678499
464,2017-09-01,234.38585392924668,0.8564174607684485,4.656612999999883e-10,79438.9050320266,0.0047648201561690225
465,2017-10-01,242.74369134319468,0.8564547341355288,4.656612999999883e-10,80406.1629845235,0.004848168868215813
466,2017-11-01,249.70206487874447,0.8563637981669866,6.052308609707985e-07,80028.88044890182,0.006551920262268625
467,2017-12-01,255.17505116269692,0.8562064614752456,5.295007007862053e-06,80582.2817382652,0.006526336295437389
468,2018-01-01,255.88936342300332,0.8560649563844569,5.2669971003732355e-06,80663.03144935022,0.0063235710209534534
469,2018-02-01,249.59794191438385,0.8561922823530249,7.435291199789497e-07,80289.64998168303,0.005993913823339957
470,2018-03-01,243.75892226760158,0.8563208354501822,2.324088586932767e-08,80472.4628061355,0.005842056003121599
471,2018-04-01,239.89141176054088,0.8564477250894251,4.656612999999883e-10,80581.55994610225,0.005741733657851804
472,2018-05-01,238.6173079376313,0.8563985316438127,4.656612999999883e-10,80364.31741192148,0.005893617507920617
473,2018-06-01,238.16782826731162,0.8564148466972492,4.656612999999883e-10,80678.99032040121,0.005920529520839437
474,2018-07-01,234.9609892570208,0.8564202133483549,4.656612999999883e-10,80055.75818220113,0.00594578968208296
475,2018-08-01,235.42383149840657,0.8564400056095303,4.656612999999883e-10,80442.4857712505,0.005282321682095686
476,2018-09-01,234.58407083859817,0.8564588364104785,4.656612999999883e-10,79512.8237065708,0.004098557151846901
477,2018-10-01,242.0920808472856,0.8563489682172764,2.1319063083074263e-08,79918.4745374622,0.0035191629570920343
478,2018-11-01,249.50037658940224,0.856365981637789,3.8640647425426494e-07,79959.85855495284,0.005100051467452171
479,2018-12-01,257.2432725175753,0.8562345721027281,4.4675551701820486e-06,80656.12499853598,0.006344618690825269
480,2019-01-01,255.75787230084003,0.8560337286845303,4.411379010377154e-06,80637.6488349481,0.0062704925405032965
481,2019-02-01,251.39622320938568,0.8561544578231239,4.978884152759033e-07,80907.83153202363,0.006041462692938852
482,2019-03-01,243.5291117462857,0.8563331202460073,4.925473047112738e-08,80353.85902569066,0.0061408279252709455
483,2019-04-01,238.72236890241768,0.8564100774921765,4.656612999999883e-10,80162.34437061494,0.005952167004304385
484,2019-05-01,237.09776380843311,0.8564322652985411,4.656612999999883e-10,80449.31359696397,0.00595469431128775
485,2019-06-01,235.0497110855164,0.8564095529911089,4.656612999999883e-10,79610.11337451565,0.006211627643589581
486,2019-07-01,235.9031289978697,0.8563367241535785,4.656612999999883e-10,80508.92195227179,0.0060239378145699116
487,2019-08-01,235.1257205940633,0.8563619815969574,4.656612999999883e-10,80190.34860876987,0.005610117104041652
488,2019-09-01,235.28858526907712,0.8564093014883992,4.656612999999883e-10,79563.70151465051,0.00574903262744815
489,2019-10-01,241.5470736314246,0.8563765597853339,8.11389266432623e-09,80246.56115278273,0.005975992690318971
490,2019-11-01,250.26525983462128,0.8563664133154612,9.497062270087528e-07,81117.37017296968,0.007207550080741635
491,2019-12-01,256.84669951150244,0.8560801156493378,1.0895207237473916e-05,81527.79602017609,0.006713947517687251
492,2020-01-01,256.2673171951155,0.8560606902682361,1.0208517912637616e-05,81113.51873307579,0.0064019843739981114
493,2020-02-01,250.31856296255359,0.8561850251086501,7.597154308489353e-06,80588.27631327197,0.0062545021389021314
494,2020-03-01,242.4111756824634,0.8563296442207841,8.730145196621012e-07,79871.8782774994,0.006215520140632775
495,2020-04-01,240.1691140846397,0.8564091579547765,5.129950031245265e-09,80307.37806940508,0.005994198749033214
496,2020-05-01,238.45892338156986,0.8564036180625364,4.656612999999883e-10,80111.99722162371,0.005930554984702763
497,2020-06-01,237.0717833041,0.8563544625194703,4.656612999999883e-10,80124.7321179825,0.006036373450213087
498,2020-07-01,235.6697700984119,0.8563488640889839,4.656612999999883e-10,80247.39572266185,0.00598000992614019
499,2020-08-01,233.25679070963884,0.8563311513882664,4.656612999999883e-10,80480.97256924542,0.005464315805311653
500,2020-09-01,236.6176935973116,0.8563618719648779,4.656612999999883e-10,80099.82778226415,0.00395913706849765
501,2020-10-01,239.89259681593188,0.8563739644142908,8.019112757607136e-09,79583.05093414035,0.0034404047389101407
502,2020-11-01,250.78974035578344,0.8563604536056558,4.501125627771266e-07,80000.58869619374,0.0038894836352544797
503,2020-12-01,256.1053932622588,0.8562280323248892,3.938616694918103e-06,80211.31920561077,0.005261994196081381
504,2021-01-01,255.12702240663427,0.8561040993574832,4.0362221372562755e-06,80506.80182559472,0.0059879214996267
505,2021-02-01,248.65865794535216,0.8563209321086512,1.5313100049776375e-06,80055.73336036183,0.005977029372972395
506,2021-03-01,243.78082287068085,0.8564132624652809,1.1803693369352005e-08,80418.00117214746,0.0060389123065430214
507,2021-04-01,236.89214087455886,0.8564440445811485,1.4732427283799454e-09,79700.3241373467,0.0060749434764748285
508,2021-05-01,236.72191373076927,0.8564399839609625,1.950643107874781e-07,80213.07052565331,0.0061626567850265575
509,2021-06-01,233.8638088903638,0.8563779170860631,4.656612999999883e-10,80165.72709873313,0.006100026925841013
510,2021-07-01,235.1462053915272,0.8564043112325237,4.656612999999883e-10,80507.18012297181,0.005998620023812241
511,2021-08-01,233.05922689985303,0.8563967374709439,4.656612999999883e-10,79942.07220751383,0.005444295453186964
512,2021-09-01,235.8988694592072,0.8564318167792355,4.656612999999883e-10,79449.65180758874,0.0040060862883417965
513,2021-10-01,240.550710085009,0.8564162303640621,4.656612999999883e-10,79909.07474947933,0.003351465460590945
514,2021-11-01,249.46384786732798,0.8563773082656063,5.692980224204382e-07,79907.45976871016,0.0042738088719979726
515,2021-12-01,256.61157646735967,0.8563451309624915,2.260936895013214e-06,80020.64002055232,0.005502458771948695
